"","gene","bTS","mTS","wTS","rTS","SYMBOL"
"1","ENSG00000001084",792.478048786628,0.047366305814552,431.681859596804,0.047366305814552,"GCLC"
"2","ENSG00000001630",765.154166724145,0.0450083094784903,307.318535662002,0.0450083094784903,"CYP51A1"
"3","ENSG00000002549",733.23082139051,0.0363822086184413,456.394996543253,0.0363822086184413,"LAP3"
"4","ENSG00000002726",0.148630433358015,0.0379744937873468,414.92260246028,0.0379744937873468,"AOC1"
"5","ENSG00000003989",0.148630433358015,0.145782354171729,347.511080215066,0.145782354171729,"SLC7A2"
"6","ENSG00000004468",0.148630433358015,0.0412257426629891,443.243597994763,0.0412257426629891,"CD38"
"7","ENSG00000004779",0.148630433358015,0.0439119514147019,456.395545588971,0.0439119514147019,"NDUFAB1"
"8","ENSG00000005075",686.642507183579,0.0343392127439635,487.475226347515,0.0343392127439635,"POLR2J"
"9","ENSG00000005187",537.13342799493,-0.0683617242703665,483.510893868901,-0.0683617242703665,"ACSM3"
"10","ENSG00000005469",747.239896750675,-0.123928926963417,704.480336495812,-0.123928926963417,"CROT"
"11","ENSG00000006530",743.906677782476,0.0490681579516026,453.725500596899,0.0490681579516026,"AGK"
"12","ENSG00000007216",702.887183150164,0.0363822081353628,296.643862730121,0.0363822081353628,"SLC13A2"
"13","ENSG00000008311",749.3672254451,0.0397090748284772,349.665891637181,0.0397090748284772,"AASS"
"14","ENSG00000010256",743.85127141316,0.0461008428850238,607.21644107645,0.0461008428850238,"UQCRC1"
"15","ENSG00000011083",827.066770401765,-0.109186983562817,477.0324105461,-0.109186983562817,"SLC6A7"
"16","ENSG00000012779",759.237332098422,0.0348973373141594,450.997180421372,0.0348973373141594,"ALOX5"
"17","ENSG00000013375",757.908382672,0.0354988822939129,415.192387123298,0.0354988822939129,"PGM3"
"18","ENSG00000013503",686.642507183579,0.0343392127439635,487.475226347515,0.0343392127439635,"POLR3B"
"19","ENSG00000014641",737.832836872741,0.0382606405866185,322.906996243623,0.0382606405866185,"MDH1"
"20","ENSG00000015520",702.887183150164,0.0363822113031906,296.643862730121,0.0363822113031906,"NPC1L1"
"21","ENSG00000017483",792.806213890319,0.266931136650518,501.851172352764,0.266931136650518,"SLC38A5"
"22","ENSG00000019186",703.678288157942,0.0363822089999665,508.520935468965,0.0363822089999665,"CYP24A1"
"23","ENSG00000023228",0.148630433358015,0.0439119514147019,456.395545588971,0.0439119514147019,"NDUFS1"
"24","ENSG00000023697",761.346027667587,0.0590332865779658,298.212700227969,0.0590332865779658,"DERA"
"25","ENSG00000023839",874.314776427697,0.0397526437351035,470.044074470259,0.0397526437351035,"ABCC2"
"26","ENSG00000023909",792.478048786628,0.047366305814552,431.681859596804,0.047366305814552,"GCLM"
"27","ENSG00000030066",686.642507183579,0.0343392118808832,487.475226347515,0.0343392118808832,"NUP160"
"28","ENSG00000031698",760.636313202995,0.036382207803978,452.780792354534,0.036382207803978,"SARS1"
"29","ENSG00000033867",569.437640947391,0.120663151260562,405.429896955989,0.120663151260562,"SLC4A7"
"30","ENSG00000037757",710.484251939714,0.0465909032294428,448.081144536991,0.0465909032294428,"MRI1"
"31","ENSG00000047315",686.642507183579,0.0343392127439635,487.475226347515,0.0343392127439635,"POLR2B"
"32","ENSG00000047410",686.642507183579,0.0343392118808832,487.475226347515,0.0343392118808832,"TPR"
"33","ENSG00000048392",42.7445888076394,0.310776592936917,24.4150540077841,0.310776592936917,"RRM2B"
"34","ENSG00000049860",702.887183150164,0.0363822084152793,296.643862730121,0.0363822084152793,"HEXB"
"35","ENSG00000057252",695.76479807436,0.0388475337213427,440.038809221525,0.0388475337213427,"SOAT1"
"36","ENSG00000058600",686.642507183579,0.0343392127439635,487.475226347515,0.0343392127439635,"POLR3E"
"37","ENSG00000058804",686.642507183579,0.0343392118808832,487.475226347515,0.0343392118808832,"NDC1"
"38","ENSG00000059377",736.51473615688,0.0371652617057583,322.279019091038,0.0371652617057583,"TBXAS1"
"39","ENSG00000059573",815.579494953322,0.0497896751430112,535.60452671236,0.0497896751430112,"ALDH18A1"
"40","ENSG00000059804",640.748459793103,0.0370682499390897,461.071871939888,0.0370682499390897,"SLC2A3"
"41","ENSG00000060971",813.997882027608,0.0481006461146646,437.369292422706,0.0481006461146646,"ACAA1"
"42","ENSG00000062485",564.85249466061,-0.0296964843130569,277.024720819048,-0.0296964843130569,"CS"
"43","ENSG00000064651",798.056795490575,0.0231541692143896,566.710489760654,0.0231541692143896,"SLC12A2"
"44","ENSG00000065154",537.852126298089,-0.175045494018995,449.725081534057,-0.175045494018995,"OAT"
"45","ENSG00000065427",760.636313202995,0.036382207803978,452.780792354534,0.036382207803978,"KARS1"
"46","ENSG00000065518",0.148630433358015,0.0439119514147019,456.395545588971,0.0439119514147019,"NDUFB4"
"47","ENSG00000066322",757.471694217741,0.0401716218545409,495.215275155343,0.0401716218545409,"ELOVL1"
"48","ENSG00000066379",686.642507183579,0.0343392127439635,487.475226347515,0.0343392127439635,"POLR1H"
"49","ENSG00000066926",480.072865855872,0.0399032580391268,393.325004016712,0.0399032580391268,"FECH"
"50","ENSG00000067064",327.679480219217,0.0541947569311373,445.526358195073,0.0541947569311373,"IDI1"
"51","ENSG00000068120",643.424818187369,0.0467648172138517,473.048879131849,0.0467648172138517,"COASY"
"52","ENSG00000068654",686.642507183579,0.0343392127439635,487.475226347515,0.0343392127439635,"POLR1A"
"53","ENSG00000069248",686.642507183579,0.0343392118808832,487.475226347515,0.0343392118808832,"NUP133"
"54","ENSG00000070610",0.148630433358015,0.045416066840238,106.477740064738,0.045416066840238,"GBA2"
"55","ENSG00000070669",851.594930492727,0.040255914898703,466.971183773205,0.040255914898703,"ASNS"
"56","ENSG00000071967",702.887183150164,0.0363822078723092,296.643862730121,0.0363822078723092,"CYBRD1"
"57","ENSG00000072210",846.089586481497,0.0466036830272602,457.626697582586,0.0466036830272602,"ALDH3A2"
"58","ENSG00000072506",745.94377221925,-0.0387546359755512,327.877633583502,-0.0387546359755512,"HSD17B10"
"59","ENSG00000072778",835.328220809758,0.0384860170842415,459.371526563412,0.0384860170842415,"ACADVL"
"60","ENSG00000073060",702.887183150164,0.0363822113031906,296.643862730121,0.0363822113031906,"SCARB1"
"61","ENSG00000073578",157.836591255423,0.285005744306806,96.9853336804498,0.285005744306806,"SDHA"
"62","ENSG00000074621",471.78277970151,0.0473350552861328,244.976087838435,0.0473350552861328,"SLC24A1"
"63","ENSG00000075188",686.642507183579,0.0343392118808832,487.475226347515,0.0343392118808832,"NUP37"
"64","ENSG00000075239",828.289338756902,0.0431043390274424,513.694707467209,0.0431043390274424,"ACAT1"
"65","ENSG00000075415",682.789218690287,0.0576978890526451,314.229064967886,0.0576978890526451,"SLC25A3"
"66","ENSG00000076351",813.604624399065,0.0485677183001935,435.037414444494,0.0485677183001935,"SLC46A1"
"67","ENSG00000076555",760.691695430939,0.0373060090875822,521.07606135935,0.0373060090875822,"ACACB"
"68","ENSG00000077463",802.144644969014,0.0332055249213067,326.423134434561,0.0332055249213067,"SIRT6"
"69","ENSG00000078142",774.503487349908,0.0332348885612182,440.57546424032,0.0332348885612182,"PIK3C3"
"70","ENSG00000079459",0.148630433358015,2.15019300261525e-05,13.5029614560497,2.15019300261525e-05,"FDFT1"
"71","ENSG00000080493",175.03046085096,0.264148098348981,88.9137228200691,0.264148098348981,"SLC4A4"
"72","ENSG00000080819",0.148630433358015,0.0358147612638017,400.695148386363,0.0358147612638017,"CPOX"
"73","ENSG00000081181",521.146543212721,-0.171586846144034,388.920835066332,-0.171586846144034,"ARG2"
"74","ENSG00000081760",759.451604370104,0.0345947699963439,316.163575677252,0.0345947699963439,"AACS"
"75","ENSG00000083123",2098.70640433768,0.136880431783359,499.000295051389,0.136880431783359,"BCKDHB"
"76","ENSG00000083720",817.419106541588,0.0527075208838507,418.504043188769,0.0527075208838507,"OXCT1"
"77","ENSG00000084453",779.356976006004,0.0363822090471425,309.885978823771,0.0363822090471425,"SLCO1A2"
"78","ENSG00000084754",706.072484040727,-0.040215226153477,287.860982054736,-0.040215226153477,"HADHA"
"79","ENSG00000084774",900.872567807219,0.0349688744715616,447.910818833884,0.0349688744715616,"CAD"
"80","ENSG00000085415",686.642507183579,0.0343392118808832,487.475226347515,0.0343392118808832,"SEH1L"
"81","ENSG00000085563",681.185801713812,0.0832856525103639,401.805176426401,0.0832856525103639,"ABCB1"
"82","ENSG00000087085",702.887183150164,0.0363822079987607,296.643862730121,0.0363822079987607,"ACHE"
"83","ENSG00000087157",751.070498385378,0.0454866037255088,433.882437190502,0.0454866037255088,"PGS1"
"84","ENSG00000088002",710.502481836678,0.0369097362732743,433.678935892866,0.0369097362732743,"SULT2B1"
"85","ENSG00000088386",796.396069737876,0.0363822076282647,428.552524149804,0.0363822076282647,"SLC15A1"
"86","ENSG00000088766",760.636313202995,0.0363822094481625,452.780792354534,0.0363822094481625,"CRLS1"
"87","ENSG00000088826",963.326532173215,0.0380071836944795,417.116743099364,0.0380071836944795,"SMOX"
"88","ENSG00000090054",0.148630433358015,0.0337313493252575,578.430075534512,0.0337313493252575,"SPTLC1"
"89","ENSG00000090266",0.148630433358015,0.0439119514147019,456.395545588971,0.0439119514147019,"NDUFB2"
"90","ENSG00000090402",702.887183150164,0.0363822084010909,296.643862730121,0.0363822084010909,"SI"
"91","ENSG00000090857",793.818214441452,0.0383874983657838,346.241159886583,0.0383874983657838,"PDPR"
"92","ENSG00000090857",793.818214441452,0.0383874983657838,346.241159886583,0.0383874983657838,"LOC124907803"
"93","ENSG00000090861",760.636313202995,0.0363822087014082,452.780792354534,0.0363822087014082,"AARS1"
"94","ENSG00000091140",17.4864160764038,-0.147133737283476,9.43628861887805,-0.147133737283476,"DLD"
"95","ENSG00000091483",26.6186833868432,0.987539633608627,15.523360072998,0.987539633608627,"FH"
"96","ENSG00000092068",702.887183150164,0.0363822089999665,296.643862730121,0.0363822089999665,"SLC7A8"
"97","ENSG00000093000",686.642507183579,0.0343392118808832,487.475226347515,0.0343392118808832,"NUP50"
"98","ENSG00000093217",805.809278205699,0.0495483280715198,279.164960083352,0.0495483280715198,"XYLB"
"99","ENSG00000094841",0.148630433358015,0.0449406215787072,417.256578211672,0.0449406215787072,"UPRT"
"100","ENSG00000094914",686.642507183579,0.0343392118808832,487.475226347515,0.0343392118808832,"AAAS"
"101","ENSG00000095319",686.642507183579,0.0343392118808832,487.475226347515,0.0343392118808832,"NUP188"
"102","ENSG00000095321",8.00440337976394,-0.365546338863316,5.8744990968842,-0.365546338863316,"CRAT"
"103","ENSG00000095380",0.148630433358015,0.052358076823215,466.223836536081,0.052358076823215,"NANS"
"104","ENSG00000095596",788.546448549045,0.0363822069139801,586.522602176795,0.0363822069139801,"CYP26A1"
"105","ENSG00000099194",432.349286859635,0.0371799457763208,477.276759803689,0.0371799457763208,"SCD"
"106","ENSG00000099624",0.148630433358015,0.0586695102853551,291.696565268487,0.0586695102853551,"ATP5F1D"
"107","ENSG00000099795",0.148630433358015,0.0439119514147019,456.395545588971,0.0439119514147019,"NDUFB7"
"108","ENSG00000099797",192.300860648547,-0.368930102410909,109.662163560982,-0.368930102410909,"TECR"
"109","ENSG00000099810",710.484251939714,0.0465909036755287,448.081144536991,0.0465909036755287,"MTAP"
"110","ENSG00000099817",686.642507183579,0.0343392127439635,487.475226347515,0.0343392127439635,"POLR2E"
"111","ENSG00000099821",686.642507183579,0.0343392127439635,487.475226347515,0.0343392127439635,"POLRMT"
"112","ENSG00000099998",791.765671021676,0.0396562212024393,452.268536780572,0.0396562212024393,"GGT5"
"113","ENSG00000100075",4.76157370312971,0.00313492428159701,2.81824087682631,0.00313492428159701,"SLC25A1"
"114","ENSG00000100142",686.642507183579,0.0343392127439635,487.475226347515,0.0343392127439635,"POLR2F"
"115","ENSG00000100170",157.709043374165,0.0283293270724837,83.8599632449611,0.0283293270724837,"SLC5A1"
"116","ENSG00000100413",686.642507183579,0.0343392127439635,487.475226347515,0.0343392127439635,"POLR3H"
"117","ENSG00000100422",754.857506168835,0.0314375912136035,442.476833248434,0.0314375912136035,"CERK"
"118","ENSG00000100522",801.874426408689,0.158819367003975,291.064902241245,0.158819367003975,"GNPNAT1"
"119","ENSG00000100577",702.887183150164,0.0363822087242136,296.643862730121,0.0363822087242136,"GSTZ1"
"120","ENSG00000100596",0.148630433358015,0.0337313493252575,578.430075534512,0.0337313493252575,"SPTLC2"
"121","ENSG00000100605",702.400039414736,0.0329279280679282,486.486829924252,0.0329279280679282,"ITPK1"
"122","ENSG00000100652",863.897756505685,0.0490133067825201,328.034330947333,0.0490133067825201,"SLC10A1"
"123","ENSG00000100714",0.148630433358015,1.3477448636777,-0.132261962144443,37.8571283284562,"MTHFD1"
"124","ENSG00000100889",790.471329365598,0.0441015231448742,434.913737689373,0.0441015231448742,"PCK2"
"125","ENSG00000100983",0.148630433358015,0.0421603503767909,470.669847934503,0.0421603503767909,"GSS"
"126","ENSG00000101146",686.642507183579,0.0343392118808832,487.475226347515,0.0343392118808832,"RAE1"
"127","ENSG00000101187",845.673496011473,-0.170426191306247,435.142871267013,-0.170426191306247,"SLCO4A1"
"128","ENSG00000101276",687.84609739534,0.047179375362344,515.622956648661,0.047179375362344,"SLC52A3"
"129","ENSG00000101846",678.935408545231,0.0222577486107734,422.411646841459,0.0222577486107734,"STS"
"130","ENSG00000101986",0.148630433358015,0.0413193740480761,459.391680968051,0.0413193740480761,"ABCD1"
"131","ENSG00000102032",751.222599589229,0.050362496856578,421.840302263405,0.050362496856578,"RENBP"
"132","ENSG00000102393",766.233512304444,0.0466929413600213,424.469064563309,0.0466929413600213,"GLA"
"133","ENSG00000102743",473.892303090409,-0.123094055152629,359.763479831226,-0.123094055152629,"SLC25A15"
"134","ENSG00000102900",686.642507183579,0.0343392118808832,487.475226347515,0.0343392118808832,"NUP93"
"135","ENSG00000102967",700.38035279403,0.0349688752052408,420.297357984246,0.0349688752052408,"DHODH"
"136","ENSG00000102978",686.642507183579,0.0343392127439635,487.475226347515,0.0343392127439635,"POLR2C"
"137","ENSG00000103064",274.700609902053,-0.230390648500258,193.414742961394,-0.230390648500258,"SLC7A6"
"138","ENSG00000103150",745.07577833919,0.0330371731003801,451.109742980442,0.0330371731003801,"MLYCD"
"139","ENSG00000103222",747.600750799446,0.0236298224751413,494.616505458912,0.0236298224751413,"ABCC1"
"140","ENSG00000103257",214.59849475234,1.6136168467989,106.591950099587,1.6136168467989,"SLC7A5"
"141","ENSG00000103375",20.3911466818775,0.152604458191914,10.8574372827631,0.152604458191914,"AQP8"
"142","ENSG00000103485",702.887183150164,0.0363822076310984,296.643862730121,0.0363822076310984,"QPRT"
"143","ENSG00000103502",772.120644064062,0.0427741433966748,375.142118403897,0.0427741433966748,"CDIPT"
"144","ENSG00000103569",229.09672218024,-0.0159322767938923,158.098279966218,-0.0159322767938923,"AQP9"
"145","ENSG00000103876",702.887183150164,0.0363822077130416,296.643862730121,0.0363822077130416,"FAH"
"146","ENSG00000104325",697.785351620183,0.0418204881527222,445.322685361121,0.0418204881527222,"DECR1"
"147","ENSG00000104549",765.154166724145,0.0450082893581201,307.318535662002,0.0450082893581201,"SQLE"
"148","ENSG00000104687",826.611221406805,0.0365253244097162,491.045728184458,0.0365253244097162,"GSR"
"149","ENSG00000104823",851.99517719599,0.0499779705787187,427.111873124588,0.0499779705787187,"ECH1"
"150","ENSG00000104951",685.393551976341,0.0435937548217414,432.877725613173,0.0435937548217414,"IL4I1"
"151","ENSG00000105220",1342.90019856841,-0.731136320302591,369.706325957143,-0.731136320302591,"GPI"
"152","ENSG00000105258",686.642507183579,0.0343392127439635,487.475226347515,0.0343392127439635,"POLR2I"
"153","ENSG00000105379",490.225363705599,1.19184161517113,462.790417805919,1.19184161517113,"ETFB"
"154","ENSG00000105607",703.118800359762,0.0397090726188537,500.636125541265,0.0397090726188537,"GCDH"
"155","ENSG00000105655",874.877435407094,0.036750076732833,457.831765203176,0.036750076732833,"ISYNA1"
"156","ENSG00000105835",744.815732970717,0.0539544782966177,491.258022685762,0.0539544782966177,"NAMPT"
"157","ENSG00000105852",824.570402953168,0.0438239271147781,428.81392930579,0.0438239271147781,"PON3"
"158","ENSG00000105953",675.536986782082,0.0393875125910651,422.662805786526,0.0393875125910651,"OGDH"
"159","ENSG00000106105",760.636313202995,0.0363822084104117,452.780792354534,0.0363822084104117,"GARS1"
"160","ENSG00000106258",863.539185906395,0.0438056254718498,272.414843306598,0.0438056254718498,"CYP3A5"
"161","ENSG00000106733",0.148630433358015,0.0677619374538046,583.270262153511,0.0677619374538046,"NMRK1"
"162","ENSG00000107317",561.773115215334,0.797417242871478,369.335729538609,0.797417242871478,"PTGDS"
"163","ENSG00000107789",774.399433157898,0.0390901612500792,439.840097886064,0.0390901612500792,"MINPP1"
"164","ENSG00000107951",686.642507183579,0.0343392127439635,487.475226347515,0.0343392127439635,"MTPAP"
"165","ENSG00000108439",657.187424284621,0.0512116856829233,451.059212030749,0.0512116856829233,"PNPO"
"166","ENSG00000108528",640.476968131596,1.47487714337887,440.475910226593,1.47487714337887,"SLC25A11"
"167","ENSG00000108559",686.642507183579,0.0343392118808832,487.475226347515,0.0343392118808832,"NUP88"
"168","ENSG00000108576",713.36581980138,0.0450400617715375,462.403660330654,0.0450400617715375,"SLC6A4"
"169","ENSG00000108839",855.555964591441,0.032391435125167,407.585475896446,0.032391435125167,"ALOX12"
"170","ENSG00000108846",861.236603470901,0.0604360045453139,442.184605622994,0.0604360045453139,"ABCC3"
"171","ENSG00000109390",0.148630433358015,0.0439119514147019,456.395545588971,0.0439119514147019,"NDUFC1"
"172","ENSG00000109576",727.592232871232,0.039709073824524,458.388438922453,0.039709073824524,"AADAT"
"173","ENSG00000109610",702.887183150164,0.0337256105222297,296.643862730121,0.0337256105222297,"SOD3"
"174","ENSG00000109667",825.182120075691,0.0388985361082257,461.960424655423,0.0388985361082257,"SLC2A9"
"175","ENSG00000109814",737.122106253944,0.0415356721399347,468.110765901118,0.0415356721399347,"UGDH"
"176","ENSG00000109929",720.477233862585,0.0450083033945788,519.582763371354,0.0450083033945788,"SC5D"
"177","ENSG00000110195",389.635199642833,0.051479391905485,303.64974861339,0.051479391905485,"FOLR1"
"178","ENSG00000110435",863.671715770978,-0.0455746358826273,358.362818198168,-0.0455746358826273,"PDHX"
"179","ENSG00000110536",751.070498385378,0.0454866027485026,433.882437190502,0.0454866027485026,"PTPMT1"
"180","ENSG00000110619",760.636313202995,0.0363822087014082,452.780792354534,0.0363822087014082,"CARS1"
"181","ENSG00000110713",686.642507183579,0.0343392118808832,487.475226347515,0.0343392118808832,"NUP98"
"182","ENSG00000110717",0.148630433358015,0.0439119514147019,456.395545588971,0.0439119514147019,"NDUFS8"
"183","ENSG00000110871",0.148630433358015,0.0366177960558487,439.958390608974,0.0366177960558487,"COQ5"
"184","ENSG00000110921",901.247801354647,0.0507000400219872,463.186231671185,0.0507000400219872,"MVK"
"185","ENSG00000110955",0.148630433358015,0.0586695102853551,291.696565268487,0.0586695102853551,"ATP5F1B"
"186","ENSG00000111181",702.887183150164,0.0363822088959417,296.643862730121,0.0363822088959417,"SLC6A12"
"187","ENSG00000111581",686.642507183579,0.0343392118808832,487.475226347515,0.0343392118808832,"NUP107"
"188","ENSG00000111640",14.213693530538,-0.141698482252961,10.1105811159776,-0.141698482252961,"GAPDH"
"189","ENSG00000111669",16.9833728367124,-0.197331008782261,11.3228273163155,-0.197331008782261,"TPI1"
"190","ENSG00000111700",724.747084224557,0.00900598014766654,300.976691535314,0.00900598014766654,"SLCO1B3"
"191","ENSG00000111726",860.318845328885,0.0129039937219767,475.91687079557,0.0129039937219767,"CMAS"
"192","ENSG00000111775",695.479393323348,0.0448412056175005,473.665675728826,0.0448412056175005,"COX6A1"
"193","ENSG00000112096",695.479393323348,0.0448412056175005,473.665675728826,0.0448412056175005,NA
"194","ENSG00000112394",0.148630433358015,0.419824750064275,338.589543428922,0.419824750064275,"SLC16A10"
"195","ENSG00000112695",695.479393323348,0.0448412056175005,473.665675728826,0.0448412056175005,"COX7A2"
"196","ENSG00000112759",85.8565883326447,0.514625373121392,49.3952023264714,0.514625373121392,"SLC29A1"
"197","ENSG00000112874",749.216207793554,0.0332816795379847,287.953582808818,0.0332816795379847,"NUDT12"
"198","ENSG00000112972",919.087996811995,0.0507000407830023,571.686546725361,0.0507000407830023,"HMGCS1"
"199","ENSG00000112992",700.438658086948,0.0441259700302536,439.256314771442,0.0441259700302536,"NNT"
"200","ENSG00000113161",814.343093995009,0.0507000399881508,535.169147695751,0.0507000399881508,"HMGCR"
"201","ENSG00000113407",760.636313202995,0.036382207803978,452.780792354534,0.036382207803978,"TARS1"
"202","ENSG00000113456",0.148630433358015,0.0343392108442102,466.197580811081,0.0343392108442102,"RAD1"
"203","ENSG00000113532",702.887183150164,0.0363822089999665,296.643862730121,0.0363822089999665,"ST8SIA4"
"204","ENSG00000113569",686.642507183579,0.0343392118808832,487.475226347515,0.0343392118808832,"NUP155"
"205","ENSG00000113643",760.636313202995,0.0363822087014082,452.780792354534,0.0363822087014082,"RARS1"
"206","ENSG00000113790",545.429096586539,-0.0393295882411914,327.792508469558,-0.0393295882411914,"EHHADH"
"207","ENSG00000113924",702.887183150164,0.0363822087418358,296.643862730121,0.0363822087418358,"HGD"
"208","ENSG00000114021",604.137522754426,-0.0523345665492042,345.090045123501,-0.0523345665492042,"NIT2"
"209","ENSG00000114054",711.326323082722,0.0395677843516423,438.099101977106,0.0395677843516423,"PCCB"
"210","ENSG00000114480",825.587005526737,0.0319649358755654,473.850966642904,0.0319649358755654,"GBE1"
"211","ENSG00000114491",700.38035279403,0.0349688738459915,420.297357984246,0.0349688738459915,"UMPS"
"212","ENSG00000114770",876.051534164664,0.0467350589662235,474.562830004538,0.0467350589662235,"ABCC5"
"213","ENSG00000114902",780.916760223471,0.0490878712922249,575.994781387996,0.0490878712922249,"SPCS1"
"214","ENSG00000114956",762.463697405703,0.0365070842739244,481.357284423343,0.0365070842739244,"DGUOK"
"215","ENSG00000115020",802.96964592921,0.0332814939092704,426.601393159199,0.0332814939092704,"PIKFYVE"
"216","ENSG00000115159",724.694738303146,0.0373879790171617,439.30394102216,0.0373879790171617,"GPD2"
"217","ENSG00000115286",0.148630433358015,0.0439119514147019,456.395545588971,0.0439119514147019,"NDUFS7"
"218","ENSG00000115525",0.148630433358015,0.0342513770980859,268.357385287888,0.0342513770980859,"ST3GAL5"
"219","ENSG00000115652",702.887183150164,0.0364470656138255,296.643862730121,0.0364470656138255,"UXS1"
"220","ENSG00000115657",682.905954023877,0.0457018062786937,482.956414765463,0.0457018062786937,"ABCB6"
"221","ENSG00000115758",846.962110428216,0.0773376239360568,301.525481692761,0.0773376239360568,"ODC1"
"222","ENSG00000115866",760.636313202995,0.0363822087014082,452.780792354534,0.0363822087014082,"DARS1"
"223","ENSG00000115902",793.832823226452,0.0437543587556142,430.879880042231,0.0437543587556142,"SLC1A4"
"224","ENSG00000115919",702.887183150164,0.0363822071626827,296.643862730121,0.0363822071626827,"KYNU"
"225","ENSG00000116096",21.1882699721745,1.77581004371273e-05,13.9495759371877,1.77581004371273e-05,"SPR"
"226","ENSG00000116120",760.636313202995,0.036382207803978,452.780792354534,0.036382207803978,"FARSB"
"227","ENSG00000116133",32.0813229696979,0.9994324736387,20.2667574721592,0.9994324736387,"DHCR24"
"228","ENSG00000116171",793.321174480185,0.0384641952469834,422.736108989632,0.0384641952469834,"SCP2"
"229","ENSG00000116459",0.148630433358015,0.0586695102853551,291.696565268487,0.0586695102853551,"ATP5PB"
"230","ENSG00000116649",0.148630433358015,0.0434675221510805,453.672927786651,0.0434675221510805,"SRM"
"231","ENSG00000116704",835.175601320861,0.0394623190511459,449.802283232103,0.0394623190511459,"SLC35D1"
"232","ENSG00000116761",265.21220097391,-0.025970632892627,155.476341246773,-0.025970632892627,"CTH"
"233","ENSG00000116791",31.370269043649,0.493315480567362,19.7024282333791,0.493315480567362,"CRYZ"
"234","ENSG00000116906",679.152268291146,0.044314214917532,383.582978704966,0.044314214917532,"GNPAT"
"235","ENSG00000116984",0.148630433358015,0.00985995624889874,449.525501288301,0.00985995624889874,"MTR"
"236","ENSG00000117054",848.665700149508,0.0511915483530313,444.968036856574,0.0511915483530313,"ACADM"
"237","ENSG00000117118",157.836591255423,0.285005744306806,96.9853336804498,0.285005744306806,"SDHB"
"238","ENSG00000117305",22.1038094706284,1.72826067960348e-05,14.5183844993629,1.72826067960348e-05,"HMGCL"
"239","ENSG00000117308",806.690263321587,0.0424428838576583,486.677504740804,0.0424428838576583,"GALE"
"240","ENSG00000117394",831.709639621168,0.0360570944953537,302.578651741678,0.0360570944953537,"SLC2A1"
"241","ENSG00000117448",679.152268291146,0.0443142152455144,383.582978704966,0.0443142152455144,"AKR1A1"
"242","ENSG00000117528",793.321174480185,0.0384641952469834,422.736108989632,0.0384641952469834,"ABCD3"
"243","ENSG00000117594",550.998485584338,0.00101456171131969,330.160539827231,0.00101456171131969,"HSD11B1"
"244","ENSG00000117834",734.376331523382,-0.163221884608742,513.004140934414,-0.163221884608742,"SLC5A9"
"245","ENSG00000118363",780.916760223471,0.0490878712922249,575.994781387996,0.0490878712922249,"SPCS2"
"246","ENSG00000118777",742.046931877101,0.0513859353380986,465.686439091632,0.0513859353380986,"ABCG2"
"247","ENSG00000119013",0.148630433358015,0.0439119514147019,456.395545588971,0.0439119514147019,"NDUFB3"
"248","ENSG00000119125",821.015616465975,0.0388828261179882,418.691712794084,0.0388828261179882,"GDA"
"249","ENSG00000119392",686.642507183579,0.0343392118808832,487.475226347515,0.0343392118808832,"GLE1"
"250","ENSG00000119421",0.148630433358015,0.0439119514147019,456.395545588971,0.0439119514147019,"NDUFA8"
"251","ENSG00000119537",0.148630433358015,0.0337313493252575,578.430075534512,0.0337313493252575,"KDSR"
"252","ENSG00000119689",805.559795368667,0.0412420009168334,413.954926586651,0.0412420009168334,"DLST"
"253","ENSG00000119711",0.148630433358015,0.0450577235899106,381.037818437797,0.0450577235899106,"ALDH6A1"
"254","ENSG00000119723",730.062894493569,0.0469174597275931,292.863548332215,0.0469174597275931,"COQ6"
"255","ENSG00000120053",753.055708435748,0.118894684898535,510.295611855847,0.118894684898535,"GOT1"
"256","ENSG00000120253",686.642507183579,0.0343392118808832,487.475226347515,0.0343392118808832,"NUP43"
"257","ENSG00000120437",686.094264365768,0.0466852512290884,413.615003099181,0.0466852512290884,"ACAT2"
"258","ENSG00000121691",888.593856735938,0.0456435441050053,472.264226848466,0.0456435441050053,"CAT"
"259","ENSG00000122971",814.696618491966,0.0471199814741219,452.846525006797,0.0471199814741219,"ACADS"
"260","ENSG00000123453",793.818214441452,0.0383874983657838,346.241159886583,0.0383874983657838,"SARDH"
"261","ENSG00000123505",710.484251939714,0.0465909022932148,448.081144536991,0.0465909022932148,"AMD1"
"262","ENSG00000123643",468.235161558428,0.0139452000606761,199.02693244925,0.0139452000606761,"SLC36A1"
"263","ENSG00000124172",0.148630433358015,0.0586695102853551,291.696565268487,0.0586695102853551,"ATP5F1E"
"264","ENSG00000124253",677.323470300343,0.0321637693439078,464.427364641492,0.0321637693439078,"PCK1"
"265","ENSG00000124299",744.439680897355,0.036382208112725,462.568982762773,0.036382208112725,"PEPD"
"266","ENSG00000124357",702.145328564611,0.050362496856578,440.964328174853,0.050362496856578,"NAGK"
"267","ENSG00000124370",740.320771922344,0.0372818265088156,276.553114858125,0.0372818265088156,"MCEE"
"268","ENSG00000124789",686.642507183579,0.0343392118808832,487.475226347515,0.0343392118808832,"NUP153"
"269","ENSG00000125166",702.929876177249,0.0506501862696313,431.24960416087,0.0506501862696313,"GOT2"
"270","ENSG00000125246",1121.92614724104,0.00348914792185961,442.16241468893,0.00348914792185961,"CLYBL"
"271","ENSG00000125257",810.35258040315,0.0670180467485544,364.300164253768,0.0670180467485544,"ABCC4"
"272","ENSG00000125356",0.148630433358015,0.0439119514147019,456.395545588971,0.0439119514147019,"NDUFA1"
"273","ENSG00000125450",686.642507183579,0.0343392118808832,487.475226347515,0.0343392118808832,"NUP85"
"274","ENSG00000125454",33.5386241222274,1.87187119224409,14.9132532774391,1.87187119224409,"SLC25A19"
"275","ENSG00000125458",702.887183150164,0.0363822086515983,296.643862730121,0.0363822086515983,"NT5C"
"276","ENSG00000125630",686.642507183579,0.0343392127439635,487.475226347515,0.0343392127439635,"POLR1B"
"277","ENSG00000125772",848.904036647671,0.0531437964400309,465.653972377753,0.0531437964400309,"GPCPD1"
"278","ENSG00000125877",751.895944192775,0.0402472311671553,-0.132261962144443,3026.70530573381,"ITPA"
"279","ENSG00000126088",0.148630433358015,0.0358147626655521,400.695148386363,0.0358147626655521,"UROD"
"280","ENSG00000126267",695.479393323348,0.0448412056175005,473.665675728826,0.0448412056175005,"COX6B1"
"281","ENSG00000126883",686.642507183579,0.0343392118808832,487.475226347515,0.0343392118808832,"NUP214"
"282","ENSG00000127080",715.163859999479,0.0386658040829411,450.990464518976,0.0386658040829411,"IPPK"
"283","ENSG00000127125",807.946312129466,0.0496579415110948,461.862776849987,0.0496579415110948,"PPCS"
"284","ENSG00000127184",695.479393323348,0.0448412056175005,473.665675728826,0.0448412056175005,"COX7C"
"285","ENSG00000127540",743.85127141316,0.0461008428850238,607.21644107645,0.0461008428850238,"UQCR11"
"286","ENSG00000127884",0.148630433358015,-0.0400704214417166,480.819156374236,-0.0400704214417166,"ECHS1"
"287","ENSG00000128050",442.227641643316,0.120701305973977,455.817532732807,0.120701305973977,"PAICS"
"288","ENSG00000128059",791.073370691687,0.120701305887943,516.700533718168,0.120701305887943,"PPAT"
"289","ENSG00000128274",766.233512304444,0.0466929413600213,424.469064563309,0.0466929413600213,"A4GALT"
"290","ENSG00000128609",0.148630433358015,0.0439119514147019,456.395545588971,0.0439119514147019,"NDUFA5"
"291","ENSG00000128928",430.538600416461,-0.99144045675183,221.817245856485,-0.99144045675183,"IVD"
"292","ENSG00000128951",0.148630433358015,0.0425121439257564,477.532927193236,0.0425121439257564,"DUT"
"293","ENSG00000129128",780.916760223471,0.0490878712922249,575.994781387996,0.0490878712922249,"SPCS3"
"294","ENSG00000129151",780.916760223471,0.0490878720325181,575.994781387996,0.0490878720325181,"BBOX1"
"295","ENSG00000129167",816.035592116533,0.0440175598195957,436.435664049246,0.0440175598195957,"TPH1"
"296","ENSG00000129187",675.058931947561,0.0461640907441178,478.35907423957,0.0461640907441178,"DCTD"
"297","ENSG00000129219",0.148630433358015,0.0368945591340843,465.515045590749,0.0368945591340843,"PLD2"
"298","ENSG00000129596",790.713166060706,0.039570655862894,503.672113505429,0.039570655862894,"CDO1"
"299","ENSG00000130005",861.735019018592,0.0454882100108827,326.213927229158,0.0454882100108827,"GAMT"
"300","ENSG00000130234",702.887183150164,0.0363822093507862,296.643862730121,0.0363822093507862,"ACE2"
"301","ENSG00000130313",942.204501171683,0.444069030448559,284.485670160906,0.444069030448559,"PGLS"
"302","ENSG00000130414",0.148630433358015,0.0439119514147019,456.395545588971,0.0439119514147019,"NDUFA10"
"303","ENSG00000130707",700.977401768623,0.0388317603854704,440.586939931713,0.0388317603854704,"ASS1"
"304","ENSG00000130821",0.148630433358015,-0.0743686305281109,336.054245879529,-0.0743686305281109,"SLC6A8"
"305","ENSG00000131055",695.479393323348,0.0448412056175005,473.665675728826,0.0448412056175005,"COX4I2"
"306","ENSG00000131069",977.617039566652,0.0439384425215341,435.493418332373,0.0439384425215341,"ACSS2"
"307","ENSG00000131143",695.479393323348,0.0448412056175005,473.665675728826,0.0448412056175005,"COX4I1"
"308","ENSG00000131174",695.479393323348,0.0448412056175005,473.665675728826,0.0448412056175005,"COX7B"
"309","ENSG00000131389",702.887183150164,0.036382207034249,296.643862730121,0.036382207034249,"SLC6A6"
"310","ENSG00000131471",702.887183150164,0.0363822072356621,296.643862730121,0.0363822072356621,"AOC3"
"311","ENSG00000131473",814.997495359554,0.0405826902354355,305.143480035078,0.0405826902354355,"ACLY"
"312","ENSG00000131495",0.148630433358015,0.0439119514147019,456.395545588971,0.0439119514147019,"NDUFA2"
"313","ENSG00000131748",439.501416108145,-0.19567274594323,292.739748588779,-0.19567274594323,"STARD3"
"314","ENSG00000131828",16.9490897131923,-0.14713649835266,10.0451217364036,-0.14713649835266,"PDHA1"
"315","ENSG00000131979",778.493158038576,0.036856463283847,467.20399817616,0.036856463283847,"GCH1"
"316","ENSG00000132182",686.642507183579,0.0343392118808832,487.475226347515,0.0343392118808832,"NUP210"
"317","ENSG00000132196",827.035716236664,0.0450083017588883,417.224165230669,0.0450083017588883,"HSD17B7"
"318","ENSG00000132423",730.062894493569,0.0469174582441725,292.863548332215,0.0469174582441725,"COQ3"
"319","ENSG00000132437",675.846267912954,-0.0204835214936448,273.636272904759,-0.0204835214936448,"DDC"
"320","ENSG00000132664",686.642507183579,0.0343392127439635,487.475226347515,0.0343392127439635,"POLR3F"
"321","ENSG00000132744",702.887183150164,0.0363822095393229,296.643862730121,0.0363822095393229,"ACY3"
"322","ENSG00000132958",760.210190650664,0.0359721650136435,473.783504465093,0.0359721650136435,"TPTE2"
"323","ENSG00000133027",686.275302403864,0.035602900735293,326.894219681888,0.035602900735293,"PEMT"
"324","ENSG00000133313",812.562510468911,0.0363822081355565,486.70732335094,0.0363822081355565,"CNDP2"
"325","ENSG00000133706",760.636313202995,0.036382207803978,452.780792354534,0.036382207803978,"LARS1"
"326","ENSG00000133835",808.388014987584,0.0470419301589889,443.808953461305,0.0470419301589889,"HSD17B4"
"327","ENSG00000134013",702.887183150164,0.0363822086953073,296.643862730121,0.0363822086953073,"LOXL2"
"328","ENSG00000134184",663.586779943827,0.0327302754477756,439.056440756252,0.0327302754477756,"GSTM1"
"329","ENSG00000134240",813.276860362182,0.0412734746565454,541.598713626963,0.0412734746565454,"HMGCS2"
"330","ENSG00000134326",713.348869411939,0.12340995189022,305.332007850117,0.12340995189022,"CMPK2"
"331","ENSG00000134333",729.958115674531,0.0364704234497205,614.399196822499,0.0364704234497205,"LDHA"
"332","ENSG00000134440",760.636313202995,0.0363822087014082,452.780792354534,0.0363822087014082,"NARS1"
"333","ENSG00000134684",760.636313202995,0.036382207803978,452.780792354534,0.036382207803978,"YARS1"
"334","ENSG00000134824",0.148630433358015,0.0443481887995245,505.914351367152,0.0443481887995245,"FADS2"
"335","ENSG00000135002",833.777506325825,0.0385921526333552,471.877361535565,0.0385921526333552,"RFK"
"336","ENSG00000135069",836.899575637183,0.0480497450633005,443.156355495805,0.0480497450633005,"PSAT1"
"337","ENSG00000135390",0.148630433358015,0.0586695102853551,291.696565268487,0.0586695102853551,"ATP5MC2"
"338","ENSG00000135437",898.874396179024,0.0327302750450316,427.862696654252,0.0327302750450316,"RDH5"
"339","ENSG00000135697",702.887183150164,0.0363822073020439,296.643862730121,0.0363822073020439,"BCO1"
"340","ENSG00000135778",702.887183150164,0.036382207358183,296.643862730121,0.036382207358183,"NTPCR"
"341","ENSG00000135821",840.935228562782,0.0454141198950916,474.605371686977,0.0454141198950916,"GLUL"
"342","ENSG00000135838",741.832972561681,0.0525592500714704,431.383322102503,0.0525592500714704,"NPL"
"343","ENSG00000135917",702.887183150164,0.0363822089999665,296.643862730121,0.0363822089999665,"SLC19A3"
"344","ENSG00000135929",683.704703030435,-2.42911560170677,576.332772004229,-2.42911560170677,"CYP27A1"
"345","ENSG00000135940",695.479393323348,0.0448412056175005,473.665675728826,0.0448412056175005,"COX5B"
"346","ENSG00000136243",686.642507183579,0.0343392118808832,487.475226347515,0.0343392118808832,"NUP42"
"347","ENSG00000136371",805.59798707811,0.0464902192523171,440.90587185616,0.0464902192523171,"MTHFS"
"348","ENSG00000136521",0.148630433358015,0.0439119514147019,456.395545588971,0.0439119514147019,"NDUFB5"
"349","ENSG00000136628",760.636313202995,0.0363822072788467,452.780792354534,0.0363822072788467,"EPRS1"
"350","ENSG00000136872",890.59470085853,0.0363822058686769,435.483164030969,0.0363822058686769,"ALDOB"
"351","ENSG00000136877",0.148630433358015,0.038565919097434,416.814024865523,0.038565919097434,"FPGS"
"352","ENSG00000136881",663.295999133641,0.0363822073514842,430.504364063845,0.0363822073514842,"BAAT"
"353","ENSG00000137054",686.642507183579,0.0343392127439635,487.475226347515,0.0343392127439635,"POLR1E"
"354","ENSG00000137106",873.874035796501,0.0740014379796017,292.201202983791,0.0740014379796017,"GRHPR"
"355","ENSG00000137491",820.707298062026,0.0837938210823899,509.983235600221,0.0837938210823899,"SLCO2B1"
"356","ENSG00000137563",0.148630433358015,0.0385659176705089,416.814024865523,0.0385659176705089,"GGH"
"357","ENSG00000137700",694.054888165256,1.73348338197191,280.547949265833,1.73348338197191,"SLC37A4"
"358","ENSG00000137868",702.887183150164,0.0363822092766511,296.643862730121,0.0363822092766511,"STRA6"
"359","ENSG00000137992",2098.70640433768,0.136880431783359,499.000295051389,0.136880431783359,"DBT"
"360","ENSG00000138029",736.395954521294,-0.0495290146987908,487.93598708957,-0.0495290146987908,"HADHB"
"361","ENSG00000138030",392.971390347814,0.0497206167848488,308.019058953842,0.0497206167848488,"KHK"
"362","ENSG00000138061",617.782137679884,0.0518889961894757,441.951226957843,0.0518889961894757,"CYP1B1"
"363","ENSG00000138074",864.982013495942,0.0496579414486091,462.781707992971,0.0496579414486091,"SLC5A6"
"364","ENSG00000138207",702.887183150164,0.0363822092766511,296.643862730121,0.0363822092766511,"RBP4"
"365","ENSG00000138363",772.608733702091,0.120701305719862,475.013538858969,0.120701305719862,"ATIC"
"366","ENSG00000138449",561.071664308237,0.0178262498663256,-0.132261962144443,1000.41614156588,"SLC40A1"
"367","ENSG00000138621",791.336382702103,0.0360491955158742,460.82497717621,0.0360491955158742,"PPCDC"
"368","ENSG00000138750",686.642507183579,0.0343392118808832,487.475226347515,0.0343392118808832,"NUP54"
"369","ENSG00000138796",747.901188772647,-0.0332853666708174,322.262731243639,-0.0332853666708174,"HADH"
"370","ENSG00000139180",0.148630433358015,0.0439119514147019,456.395545588971,0.0439119514147019,"NDUFA9"
"371","ENSG00000139433",1061.37515406034,0.0377064251944199,686.362603038737,0.0377064251944199,"GLTP"
"372","ENSG00000139496",686.642507183579,0.0343392118808832,487.475226347515,0.0343392118808832,"NUP58"
"373","ENSG00000139531",842.079651139763,0.0476564405428257,414.328221917743,0.0476564405428257,"SUOX"
"374","ENSG00000139631",743.835445752867,0.0321180194714064,468.313234291678,0.0321180194714064,"CSAD"
"375","ENSG00000139684",784.221384734874,0.0369036562229877,426.412525676869,0.0369036562229877,"ESD"
"376","ENSG00000140105",760.636313202995,0.036382207803978,452.780792354534,0.036382207803978,"WARS1"
"377","ENSG00000140263",822.20842158312,0.419672228217107,431.467873158617,0.419672228217107,"SORD"
"378","ENSG00000140284",60.6230698165696,5.36541260391177e-05,37.8356981367395,5.36541260391177e-05,"SLC27A2"
"379","ENSG00000140374",490.225363705599,1.19184161517113,462.790417805919,1.19184161517113,"ETFA"
"380","ENSG00000140505",788.546448549045,0.0363822076855221,586.522602176795,0.0363822076855221,"CYP1A2"
"381","ENSG00000140519",23.3524872148047,-0.0610431820473595,15.0022617246176,-0.0610431820473595,"RHCG"
"382","ENSG00000140612",780.916760223471,0.0490878712922249,575.994781387996,0.0490878712922249,"SEC11A"
"383","ENSG00000140740",743.85127141316,0.0461008428850238,607.21644107645,0.0461008428850238,"UQCRC2"
"384","ENSG00000140905",67.3192404518297,-0.0290823279270105,39.4830250698766,-0.0290823279270105,"GCSH"
"385","ENSG00000140990",0.148630433358015,0.0439119514147019,456.395545588971,0.0439119514147019,"NDUFB10"
"386","ENSG00000141349",831.709639621168,0.0360570944953537,302.578651741678,0.0360570944953537,"G6PC3"
"387","ENSG00000142168",702.887183150165,0.0343804617844452,296.643862730121,0.0343804617844452,"SOD1"
"388","ENSG00000142583",0.148630433358015,0.0363822058294307,448.316347704409,0.0363822058294307,"SLC2A5"
"389","ENSG00000142657",583.18533331222,0.172176968856294,276.810356769264,0.172176968856294,"PGD"
"390","ENSG00000143149",861.840149984024,0.0487478636944634,442.741139529207,0.0487478636944634,"ALDH9A1"
"391","ENSG00000143224",789.754813377886,0.0358147638358597,337.133047527737,0.0358147638358597,"PPOX"
"392","ENSG00000143252",157.836591255423,0.285005744306806,96.9853336804498,0.285005744306806,"SDHC"
"393","ENSG00000143774",93.4805288987047,0.487685473164146,51.2824591071191,0.487685473164146,"GUK1"
"394","ENSG00000144231",686.642507183579,0.0343392127439635,487.475226347515,0.0343392127439635,"POLR2D"
"395","ENSG00000144659",785.720713476882,0.0429305504740199,460.068224781863,0.0429305504740199,"SLC25A38"
"396","ENSG00000144741",867.744969134199,0.0424484288627402,327.692958225017,0.0424484288627402,"SLC25A26"
"397","ENSG00000144843",802.144644969014,0.0332055237691154,326.423134434561,0.0332055237691154,"ADPRH"
"398","ENSG00000145020",67.3192404518297,-0.0290823279270105,39.4830250698766,-0.0290823279270105,"AMT"
"399","ENSG00000145283",786.7296176876,0.0464945747024144,422.075376470731,0.0464945747024144,"SLC10A6"
"400","ENSG00000145293",733.006911056031,0.0465909024646906,326.913289223338,0.0465909024646906,"ENOPH1"
"401","ENSG00000145494",0.148630433358015,0.0439119514147019,456.395545588971,0.0439119514147019,"NDUFS6"
"402","ENSG00000146039",668.533511172956,0.0279121059005345,530.200274196284,0.0279121059005345,"SLC17A4"
"403","ENSG00000146070",702.887183150164,0.0363822072998922,296.643862730121,0.0363822072998922,"PLA2G7"
"404","ENSG00000146085",740.320771922344,0.0372818246683271,276.553114858125,0.0372818246683271,"MMUT"
"405","ENSG00000146477",737.977231172449,0.14434043512831,290.131945186318,0.14434043512831,"SLC22A3"
"406","ENSG00000146701",961.80010284873,0.00968145449058905,298.94561657735,0.00968145449058905,"MDH2"
"407","ENSG00000147003",788.417804593079,0.0406288580282518,503.353368905505,0.0406288580282518,"CLTRN"
"408","ENSG00000147100",818.480270357523,-0.34448773005879,291.027162016111,-0.34448773005879,"SLC16A2"
"409","ENSG00000147123",0.148630433358015,0.0439119514147019,456.395545588971,0.0439119514147019,"NDUFB11"
"410","ENSG00000147155",32.0602586385922,0.993266585536076,19.7968743862189,0.993266585536076,"EBP"
"411","ENSG00000147383",827.035716236664,0.0450082989575195,417.224165230669,0.0450082989575195,"NSDHL"
"412","ENSG00000147471",760.100410733649,0.036382208231156,464.678864363304,0.036382208231156,"PLPBP"
"413","ENSG00000147669",686.642507183579,0.0343392127439635,487.475226347515,0.0343392127439635,"POLR2K"
"414","ENSG00000147684",0.148630433358015,0.0439119514147019,456.395545588971,0.0439119514147019,"NDUFB9"
"415","ENSG00000147813",675.823117281411,0.0427234434688588,544.537769308137,0.0427234434688588,"NAPRT"
"416","ENSG00000147853",69.5019148857319,0.518055253031141,41.3673535040279,0.518055253031141,"AK3"
"417","ENSG00000148090",0.148630433358015,0.0681650762620521,283.609632552046,0.0681650762620521,"AUH"
"418","ENSG00000148154",302.38107454128,0.0382177210328265,516.551812078132,0.0382177210328265,"UGCG"
"419","ENSG00000148218",0.148630433358015,0.0358147655241371,423.453728578084,0.0358147655241371,"ALAD"
"420","ENSG00000148606",686.642507183579,0.0343392127439635,487.475226347515,0.0343392127439635,"POLR3A"
"421","ENSG00000148795",702.887183150164,0.0318531406465936,296.643862730121,0.0318531406465936,"CYP17A1"
"422","ENSG00000149084",192.606185836387,-0.417870342965851,95.7173863504962,-0.417870342965851,"HSD17B12"
"423","ENSG00000149089",733.006911056031,0.0465909037704061,326.913289223338,0.0465909037704061,"APIP"
"424","ENSG00000149150",707.709644243103,0.660496470125642,305.183338713332,0.660496470125642,"SLC43A1"
"425","ENSG00000149476",696.037487024387,0.046907080504287,532.234898647101,0.046907080504287,"TKFC"
"426","ENSG00000149485",0.148630433358015,0.0476352905946674,466.49585085464,0.0476352905946674,"FADS1"
"427","ENSG00000149809",762.376652581323,-12.1923662777902,432.961694129571,-12.1923662777902,"TM7SF2"
"428","ENSG00000150540",668.229553370471,0.0377920846579927,435.604015320606,0.0377920846579927,"HNMT"
"429","ENSG00000150768",16.9490897131923,-0.14713649835266,10.0451217364036,-0.14713649835266,"DLAT"
"430","ENSG00000150787",767.470798325106,0.0365364432271765,458.210301291775,0.0365364432271765,"PTS"
"431","ENSG00000151012",804.174199575608,0.0363822087857316,443.631442162442,0.0363822087857316,"SLC7A11"
"432","ENSG00000151093",815.842391697664,0.0380051646754481,473.003748071428,0.0380051646754481,"OXSM"
"433","ENSG00000151151",681.15799601106,0.0355665618007555,458.801694932287,0.0355665618007555,"IPMK"
"434","ENSG00000151229",644.916017156265,-0.0646387759851971,478.586335677391,-0.0646387759851971,"SLC2A13"
"435","ENSG00000151366",0.148630433358015,0.0439119514147019,456.395545588971,0.0439119514147019,"NDUFC2"
"436","ENSG00000151552",228.741619911949,-0.0118991665579679,136.596039022708,-0.0118991665579679,"QDPR"
"437","ENSG00000151611",741.875965219512,0.0363822088013868,318.077006412495,0.0363822088013868,"MMAA"
"438","ENSG00000151611",741.875965219512,0.0363822088013868,318.077006412495,0.0363822088013868,"LINC02491"
"439","ENSG00000151689",662.237579812466,0.0434564728856854,430.326514050971,0.0434564728856854,"INPP1"
"440","ENSG00000151726",15.389716600324,-0.027073823918829,8.6795801612029,-0.027073823918829,"ACSL1"
"441","ENSG00000152234",0.148630433358015,0.0586695102853551,291.696565268487,0.0586695102853551,"ATP5F1A"
"442","ENSG00000153201",686.642507183579,0.0343392118808832,487.475226347515,0.0343392118808832,"RANBP2"
"443","ENSG00000153207",686.642507183579,0.0343392118808832,487.475226347515,0.0343392118808832,"AHCTF1"
"444","ENSG00000153574",771.618276322099,0.145198904657443,467.193245862521,0.145198904657443,"RPIA"
"445","ENSG00000154518",0.148630433358015,0.0586695102853551,291.696565268487,0.0586695102853551,"ATP5MC3"
"446","ENSG00000154723",0.148630433358015,0.0586695102853551,291.696565268487,0.0586695102853551,"ATP5PF"
"447","ENSG00000154930",0.148630433358015,0.0497327175685847,320.053634728677,0.0497327175685847,"ACSS1"
"448","ENSG00000155368",0.148630433358015,0.051109342181869,435.725590985321,0.051109342181869,"DBI"
"449","ENSG00000155380",14.6757926850281,0.00967687055393475,9.08883956277883,0.00967687055393475,"SLC16A1"
"450","ENSG00000155465",702.307292423853,0.0364380735621172,451.856252088429,0.0364380735621172,"SLC7A7"
"451","ENSG00000155561",686.642507183579,0.0343392118808832,487.475226347515,0.0343392118808832,"NUP205"
"452","ENSG00000155850",825.855729271119,0.0486506708201832,329.281946447457,0.0486506708201832,"SLC26A2"
"453","ENSG00000156136",0.148630433358015,0.0528781185271799,69.8534321622793,0.0528781185271799,"DCK"
"454","ENSG00000156411",0.148630433358015,0.0586695102853551,291.696565268487,0.0586695102853551,"ATP5MJ"
"455","ENSG00000156467",743.85127141316,0.0461008428850238,607.21644107645,0.0461008428850238,"UQCRB"
"456","ENSG00000156471",700.501336791169,0.0344591511249547,254.301920392117,0.0344591511249547,"PTDSS1"
"457","ENSG00000156885",695.479393323348,0.0448412056175005,473.665675728826,0.0448412056175005,"COX6A2"
"458","ENSG00000157020",686.642507183579,0.0343392118808832,487.475226347515,0.0343392118808832,"SEC13"
"459","ENSG00000157184",8.16892124970425,-0.555875102611008,5.94761754165089,-0.555875102611008,"CPT2"
"460","ENSG00000157349",686.642507183579,0.0343392118808832,487.475226347515,0.0343392118808832,"DDX19B"
"461","ENSG00000158125",701.093122207147,0.052005045870994,404.604990277509,0.052005045870994,"XDH"
"462","ENSG00000158296",1169.08345500759,-0.015123050769024,434.746517802915,-0.015123050769024,"SLC13A3"
"463","ENSG00000158825",742.979464247024,0.0419273682457244,321.845649572862,0.0419273682457244,"CDA"
"464","ENSG00000158864",0.148630433358015,0.0439119514147019,456.395545588971,0.0439119514147019,"NDUFS2"
"465","ENSG00000159131",533.216079586495,0.120701305307377,583.491166882722,0.120701305307377,"GART"
"466","ENSG00000159199",0.148630433358015,0.0586695102853551,291.696565268487,0.0586695102853551,"ATP5MC1"
"467","ENSG00000159267",519.822962434146,0.0338375625360755,404.10014779342,0.0338375625360755,"HLCS"
"468","ENSG00000159322",987.276990384008,-0.227932148526755,432.407035300076,-0.227932148526755,"ADPGK"
"469","ENSG00000159423",187.795370445075,-0.394693745311217,110.186287677364,-0.394693745311217,"ALDH4A1"
"470","ENSG00000159921",715.265346776085,0.0398815223461793,460.247421730941,0.0398815223461793,"GNE"
"471","ENSG00000160190",819.373401029994,0.0412331884169944,315.349947798048,0.0412331884169944,"SLC37A1"
"472","ENSG00000160194",0.148630433358015,0.0439119514147019,456.395545588971,0.0439119514147019,"NDUFV3"
"473","ENSG00000160209",0.148630433358015,0.0599600186642732,399.841708697671,0.0599600186642732,"PDXK"
"474","ENSG00000160211",624.436999144107,0.170029864025548,269.228453742921,0.170029864025548,"G6PD"
"475","ENSG00000160285",765.154166724145,0.0450083093424658,307.318535662002,0.0450083093424658,"LSS"
"476","ENSG00000160471",695.479393323348,0.0448412056175005,473.665675728826,0.0448412056175005,"COX6B2"
"477","ENSG00000160688",565.303237212572,0.0383919103270045,447.871593470462,0.0383919103270045,"FLAD1"
"478","ENSG00000161217",838.88454122937,0.014743027346141,426.518626002478,0.014743027346141,"PCYT1A"
"479","ENSG00000161281",695.479393323348,0.0448412056175005,473.665675728826,0.0448412056175005,"COX7A1"
"480","ENSG00000161533",820.944707317271,0.0345036219112349,462.616155877327,0.0345036219112349,"ACOX1"
"481","ENSG00000161980",686.642507183579,0.0343392127439635,487.475226347515,0.0343392127439635,"POLR3K"
"482","ENSG00000162066",961.346929453063,0.141296613981393,329.101219470641,0.141296613981393,"AMDHD2"
"483","ENSG00000162139",702.887183150164,0.0363822053501524,296.643862730121,0.0363822053501524,"NEU3"
"484","ENSG00000162174",0.148630433358015,0.0315307937540646,455.860037349735,0.0315307937540646,"ASRGL1"
"485","ENSG00000162368",2.67608583896694,0.176213359156316,1.46386147616522,0.176213359156316,"CMPK1"
"486","ENSG00000162551",702.887183150164,0.0363822071381767,296.643862730121,0.0363822071381767,"ALPL"
"487","ENSG00000162688",825.587005526737,0.0319649326773528,473.850966642904,0.0319649326773528,"AGL"
"488","ENSG00000162882",702.887183150164,0.0363822076812999,296.643862730121,0.0363822076812999,"HAAO"
"489","ENSG00000163002",686.642507183579,0.0343392118808832,487.475226347515,0.0343392118808832,"NUP35"
"490","ENSG00000163344",901.247801354647,0.0507000393828575,463.186231671185,0.0507000393828575,"PMVK"
"491","ENSG00000163541",11.1369363135433,0.213637492506098,7.01492254117253,0.213637492506098,"SUCLG1"
"492","ENSG00000163586",10.9032715424948,-0.321489776478674,7.43494544575175,-0.321489776478674,"FABP1"
"493","ENSG00000163817",788.417804593079,0.0406288580282518,503.353368905505,0.0406288580282518,"SLC6A20"
"494","ENSG00000163864",826.122804725445,0.0281916948706385,522.375298616858,0.0281916948706385,"NMNAT3"
"495","ENSG00000163882",686.642507183579,0.0343392127439635,487.475226347515,0.0343392127439635,"POLR2H"
"496","ENSG00000163931",1166.82714589945,0.0215738775467283,299.297306004295,0.0215738775467283,"TKT"
"497","ENSG00000164023",841.103559494804,0.0432557660083729,321.084764063254,0.0432557660083729,"SGMS2"
"498","ENSG00000164258",0.148630433358015,0.0439119514147019,456.395545588971,0.0439119514147019,"NDUFS4"
"499","ENSG00000164405",743.85127141316,0.0461008428850238,607.21644107645,0.0461008428850238,"UQCRQ"
"500","ENSG00000164414",676.465325815664,0.0341746801467366,475.05525108921,0.0341746801467366,"SLC35A1"
"501","ENSG00000164466",574.38475992756,0.0339317900497393,408.395058543806,0.0339317900497393,"SFXN1"
"502","ENSG00000164638",551.739157243091,-1.15159960964749,247.189403696784,-1.15159960964749,"SLC29A4"
"503","ENSG00000164904",727.592232871232,0.0397090730151372,458.388438922453,0.0397090730151372,"ALDH7A1"
"504","ENSG00000164919",695.479393323348,0.0448412056175005,473.665675728826,0.0448412056175005,"COX6C"
"505","ENSG00000165029",134.091996458623,-0.377275828320739,83.7440993356581,-0.377275828320739,"ABCA1"
"506","ENSG00000165078",702.887183150164,0.0363822055672937,296.643862730121,0.0363822055672937,"CPA6"
"507","ENSG00000165092",661.697692137096,-0.0393082710446396,389.430737856387,-0.0393082710446396,"ALDH1A1"
"508","ENSG00000165140",860.552497979152,0.0396684855309067,416.041060956793,0.0396684855309067,"FBP1"
"509","ENSG00000165264",0.148630433358015,0.0439119514147019,456.395545588971,0.0439119514147019,"NDUFB6"
"510","ENSG00000165629",0.148630433358015,0.0586695102853551,291.696565268487,0.0586695102853551,"ATP5F1C"
"511","ENSG00000165704",85.7347323705795,0.501219842691016,50.3240127207764,0.501219842691016,"HPRT1"
"512","ENSG00000166123",773.44471451914,0.00242010357443524,288.566877000291,0.00242010357443524,"GPT2"
"513","ENSG00000166136",0.148630433358015,0.0439119514147019,456.395545588971,0.0439119514147019,"NDUFB8"
"514","ENSG00000166224",674.731086394304,-0.0969645606254004,502.957769145931,-0.0969645606254004,"SGPL1"
"515","ENSG00000166548",719.26149448002,0.0557573211847239,597.592745423848,0.0557573211847239,"TK2"
"516","ENSG00000166562",780.916760223471,0.0490878712922249,575.994781387996,0.0490878712922249,"SEC11C"
"517","ENSG00000166816",697.782885571554,0.0461400082964724,677.774673860574,0.0461400082964724,"LDHD"
"518","ENSG00000166986",760.636313202995,0.036382207803978,452.780792354534,0.036382207803978,"MARS1"
"519","ENSG00000167114",727.192202555465,0.0436801818955893,514.534860114001,0.0436801818955893,"SLC27A4"
"520","ENSG00000167186",593.349247116737,0.0469174591865949,442.189739990873,0.0469174591865949,"COQ7"
"521","ENSG00000167283",0.148630433358015,0.0586695102853551,291.696565268487,0.0586695102853551,"ATP5MG"
"522","ENSG00000167306",778.663997365876,0.0380298900061535,318.34733062725,0.0380298900061535,"MYO5B"
"523","ENSG00000167315",916.712135129971,-0.0413399211583367,379.053687308248,-0.0413399211583367,"ACAA2"
"524","ENSG00000167325",42.7445888076394,0.310776592936917,24.4150540077841,0.310776592936917,"RRM1"
"525","ENSG00000167508",901.247801354647,0.0507000408621664,463.186231671185,0.0507000408621664,"MVD"
"526","ENSG00000167588",799.292922981738,0.0357711237812111,426.247200031567,0.0357711237812111,"GPD1"
"527","ENSG00000167701",618.752100395034,-0.0253218128868814,262.43605652431,-0.0253218128868814,"GPT"
"528","ENSG00000167792",0.148630433358015,0.0439119514147019,456.395545588971,0.0439119514147019,"NDUFV1"
"529","ENSG00000167863",0.148630433358015,0.0586695102853551,291.696565268487,0.0586695102853551,"ATP5PD"
"530","ENSG00000167900",1030.85597102464,0.0497324500869275,479.081211732558,0.0497324500869275,"TK1"
"531","ENSG00000167969",785.252076746609,0.0417472895762343,449.689230956569,0.0417472895762343,"ECI1"
"532","ENSG00000167972",709.78677124067,0.0454866029470437,466.226769282625,0.0454866029470437,"ABCA3"
"533","ENSG00000168002",686.642507183579,0.0343392127439635,487.475226347515,0.0343392127439635,"POLR2G"
"534","ENSG00000168003",405.283034202587,0.322006820529542,173.829736064871,0.322006820529542,"SLC3A2"
"535","ENSG00000168065",0.148630433358015,0.0369960618903252,580.861829322493,0.0369960618903252,"SLC22A11"
"536","ENSG00000168237",899.142266708896,0.0756641419703735,236.496146017512,0.0756641419703735,"GLYCTK"
"537","ENSG00000168291",16.9490897131923,-0.14713649835266,10.0451217364036,-0.14713649835266,"PDHB"
"538","ENSG00000168393",699.380246185348,1.79803443340671,249.108831216338,1.79803443340671,"DTYMK"
"539","ENSG00000168495",686.642507183579,0.0343392127439635,487.475226347515,0.0343392127439635,"POLR3D"
"540","ENSG00000168653",0.148630433358015,0.0439119514147019,456.395545588971,0.0439119514147019,"NDUFS5"
"541","ENSG00000169020",0.148630433358015,0.0586695102853551,291.696565268487,0.0586695102853551,"ATP5ME"
"542","ENSG00000169021",743.85127141316,0.0461008428850238,607.21644107645,0.0461008428850238,"UQCRFS1"
"543","ENSG00000169239",479.345574401164,-0.00174773242376218,259.564613485257,-0.00174773242376218,"CA5B"
"544","ENSG00000169359",10.8691028108392,-0.321496713571305,7.32832792256241,-0.321496713571305,"SLC33A1"
"545","ENSG00000169710",17.537245861647,-0.129600900411089,10.5040480213267,-0.129600900411089,"FASN"
"546","ENSG00000169738",350.688448378939,0.41370557659595,226.548570979804,0.41370557659595,"DCXR"
"547","ENSG00000169764",783.235329167547,0.049046932593319,330.771835141451,0.049046932593319,"UGP2"
"548","ENSG00000169814",519.822962434146,0.0338375637056419,404.10014779342,0.0338375637056419,"BTD"
"549","ENSG00000169919",763.249059666154,0.0367828049983148,327.39531759789,0.0367828049983148,"GUSB"
"550","ENSG00000170191",0.148630433358015,0.0523580775376798,466.223836536081,0.0523580775376798,"NANP"
"551","ENSG00000170266",702.887183150164,0.0363822085548351,296.643862730121,0.0363822085548351,"GLB1"
"552","ENSG00000170385",0.148630433358015,0.426590697306754,294.748785951295,0.426590697306754,"SLC30A1"
"553","ENSG00000170445",760.636313202995,0.0363822087014082,452.780792354534,0.0363822087014082,"HARS1"
"554","ENSG00000170516",695.479393323348,0.0448412056175005,473.665675728826,0.0448412056175005,"COX7B2"
"555","ENSG00000170906",0.148630433358015,0.0439119514147019,456.395545588971,0.0439119514147019,"NDUFA3"
"556","ENSG00000171097",604.137522754426,-0.0523345665492042,345.090045123501,-0.0523345665492042,"KYAT1"
"557","ENSG00000171100",0.148630433358015,0.0349390175662497,437.403288358456,0.0349390175662497,"MTM1"
"558","ENSG00000171174",702.887183150164,0.0363822086158572,296.643862730121,0.0363822086158572,"RBKS"
"559","ENSG00000171234",789.467157030475,0.036052272235091,511.552913847754,0.036052272235091,"UGT2B7"
"560","ENSG00000171453",686.642507183579,0.0343392127439635,487.475226347515,0.0343392127439635,"POLR1C"
"561","ENSG00000171503",490.225363705599,1.19184161517113,462.790417805919,1.19184161517113,"ETFDH"
"562","ENSG00000171766",861.735019018592,0.0454882090142521,326.213927229158,0.0454882090142521,"GATM"
"563","ENSG00000171848",42.7445888076394,0.310776592936917,24.4150540077841,0.310776592936917,"RRM2"
"564","ENSG00000171862",956.721617330505,0.0471221622075337,494.197724647227,0.0471221622075337,"PTEN"
"565","ENSG00000172053",760.636313202995,0.0363822087014082,452.780792354534,0.0363822087014082,"QARS1"
"566","ENSG00000172296",0.148630433358015,0.0337313493252575,578.430075534512,0.0337313493252575,"SPTLC3"
"567","ENSG00000172331",831.588865925399,0.0382442557157577,318.864504174503,0.0382442557157577,"BPGM"
"568","ENSG00000172482",848.510858113886,0.0736506763905925,400.975898510042,0.0736506763905925,"AGXT"
"569","ENSG00000172613",0.148630433358015,0.0343392108442102,466.197580811081,0.0343392108442102,"RAD9A"
"570","ENSG00000172890",1058.18622578708,0.0386779708799417,296.643862730121,0.0386779708799417,"NADSYN1"
"571","ENSG00000173085",730.062894493569,0.0469174596448995,292.863548332215,0.0469174596448995,"COQ2"
"572","ENSG00000173599",528.738138195716,0.0308294573037925,287.309278743322,0.0308294573037925,"PC"
"573","ENSG00000173610",0.148630433358015,0.0380841237885027,462.473796050423,0.0380841237885027,"UGT2A1"
"574","ENSG00000173638",709.101365547623,0.199702528649596,314.783563819524,0.199702528649596,"SLC19A1"
"575","ENSG00000173660",743.85127141316,0.0461008428850238,607.21644107645,0.0461008428850238,"UQCRH"
"576","ENSG00000173786",702.887183150164,0.0363822049951417,296.643862730121,0.0363822049951417,"CNP"
"577","ENSG00000173915",0.148630433358015,0.0586695102853551,291.696565268487,0.0586695102853551,"ATP5MK"
"578","ENSG00000174640",0.148630433358015,0.0551379894494999,454.461045725793,0.0551379894494999,"SLCO2A1"
"579","ENSG00000174669",0.148630433358015,0.0634775447440202,303.762072407018,0.0634775447440202,"SLC29A2"
"580","ENSG00000174886",0.148630433358015,0.0439119514147019,456.395545588971,0.0439119514147019,"NDUFA11"
"581","ENSG00000174915",0.148630433358015,0.088950724831805,521.876911463604,0.088950724831805,"PTDSS2"
"582","ENSG00000175198",711.326323082722,0.0395677843516423,438.099101977106,0.0395677843516423,"PCCA"
"583","ENSG00000175445",702.887183150164,0.0471486295269877,296.643862730121,0.0471486295269877,"LPL"
"584","ENSG00000175592",741.298937250519,0.036382207914383,314.169916850371,0.036382207914383,"FOSL1"
"585","ENSG00000176340",695.479393323348,0.0448412056175005,473.665675728826,0.0448412056175005,"COX8A"
"586","ENSG00000176387",550.998485584338,0.00101456171131969,330.160539827231,0.00101456171131969,"HSD11B2"
"587","ENSG00000176890",835.12736415388,0.0544665496529462,437.465664042949,0.0544665496529462,"TYMS"
"588","ENSG00000176974",771.824132618387,0.14597431891083,290.914061783955,0.14597431891083,"SHMT1"
"589","ENSG00000177000",492.432854391504,-0.0236766269570553,482.587169387093,-0.0236766269570553,"MTHFR"
"590","ENSG00000177156",718.527248977202,0.0578809154599425,403.63760631546,0.0578809154599425,"TALDO1"
"591","ENSG00000177542",163.136629729946,0.102818660161776,169.523570726465,0.102818660161776,"SLC25A22"
"592","ENSG00000177700",686.642507183579,0.0343392127439635,487.475226347515,0.0343392127439635,"POLR2L"
"593","ENSG00000178127",0.148630433358015,0.0439119514147019,456.395545588971,0.0439119514147019,"NDUFV2"
"594","ENSG00000178445",67.3192404518297,-0.0290823279270105,39.4830250698766,-0.0290823279270105,"GLDC"
"595","ENSG00000178537",1.30006351286654,-0.696192359382375,2.01709342238703,-0.696192359382375,"SLC25A20"
"596","ENSG00000178741",695.479393323348,0.0448412056175005,473.665675728826,0.0448412056175005,"COX5A"
"597","ENSG00000178802",938.288264023446,0.0362712529309967,470.530163715303,0.0362712529309967,"MPI"
"598","ENSG00000178814",0.148630433358015,0.0507249157820774,396.026040773466,0.0507249157820774,"OPLAH"
"599","ENSG00000178921",533.216079586495,0.12070130515912,583.491166882722,0.12070130515912,"PFAS"
"600","ENSG00000179091",743.85127141316,0.0461008428850238,607.21644107645,0.0461008428850238,"CYC1"
"601","ENSG00000179115",760.636313202995,0.036382207803978,452.780792354534,0.036382207803978,"FARSA"
"602","ENSG00000179958",751.817514462445,0.0410539010474996,492.019176636399,0.0410539010474996,"DCTPP1"
"603","ENSG00000180011",839.382981823509,0.0356031188822431,448.70108355015,0.0356031188822431,"PTGR3"
"604","ENSG00000180176",701.085887983988,0.0387702536847492,309.379895749163,0.0387702536847492,"TH"
"605","ENSG00000181019",31.370269043649,0.493315480547352,19.7024282333791,0.493315480547352,"NQO1"
"606","ENSG00000181222",686.642507183579,0.0343392127439635,487.475226347515,0.0343392127439635,"POLR2A"
"607","ENSG00000182199",780.916760223471,0.0490878710886309,575.994781387996,0.0490878710886309,"SHMT2"
"608","ENSG00000182551",733.006911056031,0.0465909029984893,326.913289223338,0.0465909029984893,"ADI1"
"609","ENSG00000183023",516.920146510122,-0.0595890272274443,314.769709088712,-0.0595890272274443,"SLC8A1"
"610","ENSG00000183044",768.876199327165,0.0394506565875029,417.169803144669,0.0394506565875029,"ABAT"
"611","ENSG00000183048",78.8674701300845,5.9577126564357,47.7766249091312,5.9577126564357,"SLC25A10"
"612","ENSG00000183077",702.887183150164,0.0363822083555084,296.643862730121,0.0363822083555084,"AFMID"
"613","ENSG00000183648",0.148630433358015,0.0439119514147019,456.395545588971,0.0439119514147019,"NDUFB1"
"614","ENSG00000183696",359.733749914024,0.0483393296971597,506.611251482788,0.0483393296971597,"UPP1"
"615","ENSG00000184076",743.85127141316,0.0461008428850238,607.21644107645,0.0461008428850238,"UQCR10"
"616","ENSG00000184227",662.707175198931,0.0385779611551353,405.984913837644,0.0385779611551353,"ACOT1"
"617","ENSG00000184752",0.148630433358015,0.0439119514147019,456.395545588971,0.0439119514147019,"NDUFA12"
"618","ENSG00000184983",0.148630433358015,0.0439119514147019,456.395545588971,0.0439119514147019,"NDUFA6"
"619","ENSG00000185803",784.486344838122,0.0500551840273351,473.398407700565,0.0500551840273351,"SLC52A2"
"620","ENSG00000185813",733.357160451104,0.0334873007993939,462.097606812546,0.0334873007993939,"PCYT2"
"621","ENSG00000185875",686.436760564661,0.0455058765594832,422.14664056469,0.0455058765594832,"THNSL1"
"622","ENSG00000185973",780.916760223471,0.0490878708287979,575.994781387996,0.0490878708287979,"TMLHE"
"623","ENSG00000186010",0.148630433358015,0.0439119514147019,456.395545588971,0.0439119514147019,"NDUFA13"
"624","ENSG00000186104",703.678288157942,0.0363822083479516,508.520935468965,0.0363822083479516,"CYP2R1"
"625","ENSG00000186115",846.089586481494,0.0466036830432812,457.626697582585,0.0466036830432812,"CYP4F2"
"626","ENSG00000186141",686.642507183579,0.0343392127439635,487.475226347515,0.0343392127439635,"POLR3C"
"627","ENSG00000186184",686.642507183579,0.0343392127439635,487.475226347515,0.0343392127439635,"POLR1D"
"628","ENSG00000186529",846.089586481494,0.0466036830432812,457.626697582585,0.0466036830432812,"CYP4F3"
"629","ENSG00000187134",0.148630433358015,0.0363822076169615,493.021221907084,0.0363822076169615,"AKR1C1"
"630","ENSG00000187581",695.479393323348,0.0448412056175005,473.665675728826,0.0448412056175005,"COX8C"
"631","ENSG00000188690",0.148630433358015,0.0358147646870128,423.453728578083,0.0358147646870128,"UROS"
"632","ENSG00000189043",0.148630433358015,0.0439119514147019,456.395545588971,0.0439119514147019,"NDUFA4"
"633","ENSG00000196139",0.148630433358015,0.79711558354918,365.948476370124,0.79711558354918,"AKR1C3"
"634","ENSG00000196177",391.488576379591,-2.42337812552938,293.289959993875,-2.42337812552938,"ACADSB"
"635","ENSG00000196305",760.636313202995,0.036382207803978,452.780792354534,0.036382207803978,"IARS1"
"636","ENSG00000196313",686.642507183579,0.0343392118808832,487.475226347515,0.0343392118808832,"POM121"
"637","ENSG00000196502",786.70929312244,0.0409792146842122,433.893253648739,0.0409792146842122,"SULT1A1"
"638","ENSG00000196511",1028.48975434653,0.0579243959403946,301.134345548595,0.0579243959403946,"TPK1"
"639","ENSG00000196517",774.904388696194,0.0462792604876824,440.733057581358,0.0462792604876824,"SLC6A9"
"640","ENSG00000196743",702.887183150164,0.0363822084152793,296.643862730121,0.0363822084152793,"GM2A"
"641","ENSG00000196839",687.452952853723,0.0394869162724201,520.656893053859,0.0394869162724201,"ADA"
"642","ENSG00000197142",846.089586481494,0.0466036842198215,457.626697582585,0.0466036842198215,"ACSL5"
"643","ENSG00000197208",0.148630433358015,-0.00471154395322483,449.063037223585,-0.00471154395322483,"SLC22A4"
"644","ENSG00000197375",7.88327693095659,-0.365549648599016,5.6901302028874,-0.365549648599016,"SLC22A5"
"645","ENSG00000197506",457.555655523868,0.389475884295391,211.512507705886,0.389475884295391,"SLC28A3"
"646","ENSG00000197594",0.148630433358015,0.0375774557564817,420.635207806532,0.0375774557564817,"ENPP1"
"647","ENSG00000197713",44.8414059344556,0.000755027809082594,27.4864278711285,0.000755027809082594,"RPE"
"648","ENSG00000197894",21.7233110566993,1.56410776547658e-05,14.7424230045449,1.56410776547658e-05,"ADH5"
"649","ENSG00000198130",819.355515776553,0.0485457084763072,430.840223451054,0.0485457084763072,"HIBCH"
"650","ENSG00000198246",814.841986075176,0.0781391213546735,477.729136339754,0.0781391213546735,"SLC29A3"
"651","ENSG00000198610",736.836154913631,0.0503818934317166,300.381115890979,0.0503818934317166,"AKR1C4"
"652","ENSG00000198695",0.148630433358015,0.0439119514147019,456.395545588971,0.0439119514147019,"ND6"
"653","ENSG00000198712",695.479393323348,0.0448412056175005,473.665675728826,0.0448412056175005,"COX2"
"654","ENSG00000198721",832.980817170667,0.0555958052841089,445.438000837972,0.0555958052841089,"ECI2"
"655","ENSG00000198727",743.85127141316,0.0461008428850238,607.21644107645,0.0461008428850238,"CYTB"
"656","ENSG00000198743",662.352735886892,-0.458344841105216,335.082177984133,-0.458344841105216,"SLC5A3"
"657","ENSG00000198763",0.148630433358015,0.0439119514147019,456.395545588971,0.0439119514147019,"ND2"
"658","ENSG00000198786",0.148630433358015,0.0439119514147019,456.395545588971,0.0439119514147019,"ND5"
"659","ENSG00000198804",695.479393323348,0.0448412056175005,473.665675728826,0.0448412056175005,"COX1"
"660","ENSG00000198805",96.7128415549228,0.514616068155597,50.4130545476329,0.514616068155597,"PNP"
"661","ENSG00000198840",0.148630433358015,0.0439119514147019,456.395545588971,0.0439119514147019,"ND3"
"662","ENSG00000198886",0.148630433358015,0.0439119514147019,456.395545588971,0.0439119514147019,"ND4"
"663","ENSG00000198888",0.148630433358015,0.0439119514147019,456.395545588971,0.0439119514147019,"ND1"
"664","ENSG00000198899",0.148630433358015,0.0586695102853551,291.696565268487,0.0586695102853551,"ATP6"
"665","ENSG00000198931",96.9219654407328,0.502514683168446,52.0292391438805,0.502514683168446,"APRT"
"666","ENSG00000198938",695.479393323348,0.0448412056175005,473.665675728826,0.0448412056175005,"COX3"
"667","ENSG00000204370",157.836591255423,0.285005744306806,96.9853336804498,0.285005744306806,"SDHD"
"668","ENSG00000204394",760.636313202995,0.036382207803978,452.780792354534,0.036382207803978,"VARS1"
"669","ENSG00000206190",673.688797328763,0.037354844124743,486.159792570559,0.037354844124743,"ATP10A"
"670","ENSG00000211448",0.148630433358015,0.0349087599457343,443.356684230781,0.0349087599457343,"DIO2"
"671","ENSG00000212907",0.148630433358015,0.0439119514147019,456.395545588971,0.0439119514147019,"ND4L"
"672","ENSG00000213024",686.642507183579,0.0343392118808832,487.475226347515,0.0343392118808832,"NUP62"
"673","ENSG00000213398",576.147936951261,0.0371757489739803,448.533140543107,0.0371757489739803,"LCAT"
"674","ENSG00000213614",702.887183150164,0.0363822084152793,296.643862730121,0.0363822084152793,"HEXA"
"675","ENSG00000213619",0.148630433358015,0.0439119514147019,456.395545588971,0.0439119514147019,"NDUFS3"
"676","ENSG00000213930",790.252955620313,0.0392108886798761,465.098986391221,0.0392108886798761,"GALT"
"677","ENSG00000214013",702.887183150164,0.0363822066005784,296.643862730121,0.0363822066005784,"GANC"
"678","ENSG00000225697",693.695763159921,0.0121691183518568,566.814057753894,0.0121691183518568,"SLC26A6"
"679","ENSG00000228253",0.148630433358015,0.0586695102853551,291.696565268487,0.0586695102853551,"ATP8"
"680","ENSG00000231852",702.887183150164,0.0368916340397385,296.643862730121,0.0368916340397385,"CYP21A2"
"681","ENSG00000240038",702.887183150164,0.0363822077737567,296.643862730121,0.0363822077737567,"AMY2B"
"682","ENSG00000241468",0.148630433358015,0.0586695102853551,291.696565268487,0.0586695102853551,"ATP5MF"
"683","ENSG00000241837",0.148630433358015,0.0586695102853551,291.696565268487,0.0586695102853551,"ATP5PO"
"684","ENSG00000241878",716.143372684823,-0.00388290704515563,288.231307923853,-0.00388290704515563,"PISD"
"685","ENSG00000242110",60.6230698165696,5.36541337813128e-05,37.8356981367395,5.36541337813128e-05,"AMACR"
"686","ENSG00000242515",702.887183150165,0.0492423941918036,296.643862730121,0.0492423941918036,"UGT1A10"
"687","ENSG00000243989",815.041401160251,-0.0119324902438942,476.364398157137,-0.0119324902438942,"ACY1"
"688","ENSG00000248098",2098.70640433768,0.136880431783359,499.000295051389,0.136880431783359,"BCKDHA"
"689","ENSG00000256269",0.148630433358015,0.0358147612636881,423.453728578083,0.0358147612636881,"HMBS"
"690","ENSG00000259431",1165.90447656878,0.0365329985335784,441.763263873136,0.0365329985335784,"THTPA"
"691","ENSG00000268104",761.368836136739,-0.253190349636989,502.540941606234,-0.253190349636989,"SLC6A14"
"692","ENSG00000288702",842.218566603797,0.0420138620281352,468.439853023201,0.0420138620281352,"UGT1A3"
