"","gene","baseMean","log2FoldChange","lfcSE","stat","pvalue","padj"
"1","ENSG00000111319",1512.09963041469,3.91860437610149,0.186724730344591,20.9859956357677,8.80595461685367e-98,1.49322572437988e-93
"2","ENSG00000135046",878.920989303864,5.39513171828514,0.343366470338263,15.7124593818674,1.24263553032434e-55,1.05356853438549e-51
"3","ENSG00000170017",267.823992530526,4.44111345619402,0.295616974547391,15.0232017731514,5.17466266693737e-51,2.92489182810857e-47
"4","ENSG00000104413",1321.68178080377,2.76943834403816,0.219040170594397,12.6435180201097,1.21493765886592e-36,5.15042447034737e-33
"5","ENSG00000185565",202.36266594778,3.48288624351534,0.281665934754741,12.3653087354992,4.02661238209751e-35,1.36558532326455e-31
"6","ENSG00000185905",191.921617865319,3.16815405641654,0.264863593557105,11.9614553811205,5.65617975909997e-33,1.5985306695843e-29
"7","ENSG00000163283",92.0327187695676,5.57494687541873,0.470138872400382,11.8580853503025,1.95392105281997e-32,4.73323418466689e-29
"8","ENSG00000116106",568.456872382379,3.36864645357232,0.293472777228182,11.4785653558358,1.69062434709564e-30,3.18532411707787e-27
"9","ENSG00000186827",149.585609324299,3.87333499191738,0.337144233815659,11.4886585722691,1.50429634377277e-30,3.18532411707787e-27
"10","ENSG00000112531",169.866462911767,3.20847182576656,0.285463665215356,11.2395103711222,2.60824933574441e-29,4.4228083986218e-26
"11","ENSG00000104327",196.729234289552,4.2509155600229,0.385318627849067,11.032208807948,2.67220137322564e-28,3.7760432238156e-25
"12","ENSG00000134755",77.3359665687764,4.86112611138959,0.440615408149422,11.0325831132557,2.66110045135325e-28,3.7760432238156e-25
"13","ENSG00000058085",670.537031473635,2.72105286930458,0.248032664542915,10.9705424256077,5.29537597273503e-28,6.90720695151292e-25
"14","ENSG00000089199",316.111573020105,2.32572130101608,0.218154270566354,10.6609020074566,1.55085948489144e-26,1.87842316323601e-23
"15","ENSG00000152952",461.295538757657,2.86824892758916,0.270174546365037,10.6162810900544,2.50336597004269e-26,2.82997178360093e-23
"16","ENSG00000188910",172.851951646979,2.96412987251271,0.28393181513076,10.4395834300838,1.63526707606413e-25,1.73307648805122e-22
"17","ENSG00000170891",166.784427849305,2.98804898907997,0.290550526769019,10.2840942066348,8.31199191841783e-25,8.29096746827125e-22
"18","ENSG00000174403",102.359263624343,3.86856229537968,0.379396145497844,10.1966304647174,2.05270839540768e-24,1.93376534782934e-21
"19","ENSG00000188112",59.6765741670562,4.62181270961383,0.464989410682909,9.9396085231833,2.79925037248285e-23,2.37334442830958e-20
"20","ENSG00000142623",188.843888934248,5.02106330659509,0.506003034431715,9.92299050584584,3.30696593847907e-23,2.6702962580376e-20
"21","ENSG00000152766",128.459374549629,4.37507849552658,0.44703149849418,9.78695798900966,1.28091669158991e-22,9.87295651785914e-20
"22","ENSG00000120885",825.007567536528,2.77725048187812,0.284728625749325,9.75402622258014,1.7729395103364e-22,1.30711892507715e-19
"23","ENSG00000136869",181.209187023008,2.8850428685351,0.297904081210712,9.6844690976035,3.51027514949981e-22,2.48015565458618e-19
"24","ENSG00000119411",109.886352865633,2.87337043596467,0.298930260757533,9.61217652800733,7.1031355090139e-22,4.81791475305395e-19
"25","ENSG00000167680",1268.9071559703,2.44013942282489,0.25400357519985,9.60671290120617,7.49020074915776e-22,4.88505131167185e-19
"26","ENSG00000166224",4284.41978381364,1.48266051444314,0.155826437945314,9.51482003948177,1.82027680049274e-21,1.14320124836872e-18
"27","ENSG00000066735",126.80434847232,2.92168035819991,0.309362495739523,9.44419701300801,3.58139714102084e-21,2.16891969001037e-18
"28","ENSG00000041982",3488.96481840701,3.36622648417508,0.361227576790534,9.31885243669272,1.17605360157674e-20,6.87666928342645e-18
"29","ENSG00000120149",512.511047466283,1.74321594063285,0.189564826551808,9.19588286678504,3.71927672785579e-20,2.10225918247502e-17
"30","ENSG00000184828",389.731555675201,2.41705824643744,0.264259478023459,9.14653379517715,5.8789594109113e-20,3.21579079776848e-17
"31","ENSG00000113580",57.1987659562939,4.08505661825546,0.447050866608262,9.13778928390955,6.37419867632738e-20,3.3777277173276e-17
"32","ENSG00000163629",97.0313217909215,3.03114170027979,0.332789376478046,9.10828864899105,8.36916452634536e-20,4.30048251131025e-17
"33","ENSG00000141934",963.514943179716,1.84759074369342,0.203827920454283,9.06446349241846,1.25218956623128e-19,6.24511131605407e-17
"34","novel.95",131.10084863719,3.85225268147789,0.428768835254029,8.98445121179477,2.60028704736129e-19,1.25980192748873e-16
"35","ENSG00000129451",106.455998498925,4.1310789270358,0.466339575694747,8.85852100560276,8.10829614536474e-19,3.81923271491528e-16
"36","ENSG00000236699",66.2133255321282,3.36662663504573,0.387779201906224,8.68181330637706,3.89508404072108e-18,1.78510648860831e-15
"37","ENSG00000149418",1033.38278791365,1.90679915622698,0.226224563427974,8.42878919659876,3.49260103415012e-17,1.55852725621273e-14
"38","ENSG00000275216",118.724270253866,2.38991708373389,0.283810924768603,8.42080721763068,3.73899086091612e-17,1.62569405201422e-14
"39","ENSG00000196154",14137.3281479986,1.78069800349177,0.217386022615807,8.1914098342875,2.58183800539001e-16,1.06781041603411e-13
"40","ENSG00000100311",257.543752346187,2.17183346382068,0.266836259480592,8.13919917798368,3.97900925478647e-16,1.60647761746224e-13
"41","novel.11",83.6315261091301,6.21368047449655,0.771334522870326,8.05575310096832,7.89909358810667e-16,3.11499837147732e-13
"42","ENSG00000118257",1374.19777771201,2.49416096520633,0.309971520634818,8.04641974881537,8.52512446546396e-16,3.22913254867816e-13
"43","ENSG00000139626",144.839692029336,3.49827562666557,0.434796020124271,8.04578575872361,8.56937929412733e-16,3.22913254867816e-13
"44","ENSG00000070214",2790.32056196312,1.28933058767022,0.160327832999103,8.04183879711908,8.85002683311745e-16,3.26238923932984e-13
"45","ENSG00000165929",247.492546745882,2.50279632495401,0.31287594957946,7.99932474297896,1.25103374016213e-15,4.51357002807003e-13
"46","ENSG00000101230",74.2461948216058,4.64375723167326,0.581015682371891,7.99248173941875,1.32249105399702e-15,4.67197516721405e-13
"47","ENSG00000138119",6695.25084669695,1.82312234088027,0.228284098820244,7.98619943439794,1.39162485758981e-15,4.81587402247966e-13
"48","ENSG00000148053",96.2577755906402,2.98915830161337,0.375379117724105,7.9630383270556,1.67865436259509e-15,5.692988405305e-13
"49","ENSG00000117472",264.747229729308,2.7073160730948,0.34083903302123,7.9430928115741,1.97201275378423e-15,6.55674907174885e-13
"50","ENSG00000135378",48.4105282486342,3.45066683875024,0.441954655137419,7.80773954666756,5.82227457417621e-15,1.89862134527511e-12
"51","ENSG00000205809",130.360570319059,3.07212809549965,0.39434118857546,7.79053313349685,6.67270387480602e-15,2.1348875397186e-12
"52","ENSG00000169908",6275.39133759134,1.32408847061397,0.170499795433926,7.76592410122331,8.10520794609373e-15,2.54518539151688e-12
"53","ENSG00000180644",2562.8930980946,1.41056599379957,0.182213585187679,7.74127786546046,9.84225334676474e-15,3.034456181838e-12
"54","ENSG00000108932",1793.75254302742,3.04033762257331,0.393693649648065,7.72259757121093,1.13982605164289e-14,3.45143399244795e-12
"55","ENSG00000124882",357.114565746889,3.17148363387716,0.411832224613563,7.70091178963249,1.35098730569625e-14,4.01906872678796e-12
"56","ENSG00000132170",838.596454500288,1.54736433185275,0.201830245621841,7.66666228386785,1.76529772505278e-14,5.16106095236551e-12
"57","ENSG00000167748",122.68945502111,2.27954284482259,0.297895167803767,7.65216455717805,1.97624111470068e-14,5.6798509460982e-12
"58","ENSG00000139209",32.2642128575458,4.37986601053055,0.588395090106354,7.44375009951031,9.78665548647862e-14,2.72052978826587e-11
"59","ENSG00000173320",46.9122253351032,2.98334310656976,0.405056380166819,7.36525395635318,1.76809947981813e-13,4.83575207730259e-11
"60","ENSG00000170745",75.4124676811773,2.73002140431405,0.371116970106485,7.35622896342013,1.89178418570737e-13,5.09190229159362e-11
"61","ENSG00000268460",45.1006673404625,3.07348194251199,0.418165664476587,7.34991464772468,1.9833346107372e-13,5.25490703035479e-11
"62","ENSG00000101115",58.7070471142179,3.15144753669916,0.429938438634162,7.32999716589833,2.3015759906678e-13,6.00428062673137e-11
"63","ENSG00000114790",153.86284662561,1.74036665779635,0.237711987397613,7.32132475458756,2.45534822546486e-13,6.21422982973248e-11
"64","ENSG00000109819",33.6996032904795,4.3991573345509,0.604012680879392,7.28322016045441,3.25944644274165e-13,8.12800490140736e-11
"65","ENSG00000068079",59.7563645581213,3.75470210521774,0.520839423563907,7.20894374608923,5.63875485286205e-13,1.38574443536205e-10
"66","ENSG00000070404",448.790310092683,2.14054386671558,0.299321502342374,7.15132006877059,8.59473257697269e-13,2.08201257582466e-10
"67","ENSG00000133067",1505.61930351101,1.5937372861188,0.223083849337624,7.14411774250306,9.05757395867786e-13,2.16322931855353e-10
"68","ENSG00000188833",340.82839837973,2.04604298501294,0.295323517101804,6.92814106066474,4.26406462544673e-12,9.9048964183151e-10
"69","ENSG00000153093",77.4427243759629,2.31032535628514,0.334391604651087,6.90904114861313,4.87940423890421e-12,1.11810888755539e-09
"70","ENSG00000268621",154.912356643066,3.1511606077903,0.456909767065699,6.89668034025019,5.32317776136724e-12,1.18769901709874e-09
"71","ENSG00000121858",218.44383302738,1.6907852195808,0.24631137928743,6.86442187312734,6.67610651429272e-12,1.47021737873846e-09
"72","ENSG00000173482",83.3742950202328,3.224071178523,0.470270161451345,6.85578512694254,7.09219120220743e-12,1.54182418225425e-09
"73","ENSG00000099812",2273.72254092301,1.26687920102926,0.188526383294419,6.71990402028127,1.81844301164122e-11,3.71510098173496e-09
"74","ENSG00000120708",2229.87232555252,1.08136433012115,0.162099009412042,6.67101134080596,2.54046587095025e-11,5.06807997337686e-09
"75","ENSG00000049130",144.540207804859,2.82310019809308,0.42501885128722,6.6422940759992,3.08837983234868e-11,6.01950078357891e-09
"76","ENSG00000132329",186.580436098526,1.90669744560078,0.288484717931968,6.60935338020376,3.86002304911652e-11,7.43800123225781e-09
"77","ENSG00000184160",439.382456811198,2.19948016603777,0.334296802035272,6.5794232928549,4.72276477881587e-11,8.99819352296412e-09
"78","ENSG00000092421",160.810367700358,1.92574362597251,0.295815858048359,6.50994046998554,7.51805928662788e-11,1.41648590359277e-08
"79","ENSG00000107957",1325.61623714639,1.5434598592304,0.237617730524449,6.4955584577961,8.27259562307286e-11,1.51010737647863e-08
"80","ENSG00000124875",342.231553137711,2.42187075444506,0.372860222346208,6.49538515856033,8.2821245510711e-11,1.51010737647863e-08
"81","ENSG00000184156",27.8375867763371,8.60734091227749,1.32472095572207,6.49747471352248,8.16794156347101e-11,1.51010737647863e-08
"82","ENSG00000140832",149.976313700931,1.54545410174503,0.238126129748642,6.49006517418462,8.57992496975707e-11,1.5314714496018e-08
"83","ENSG00000225783",78.3100452547023,2.61686947386913,0.40314913419028,6.49107055413893,8.52285509803437e-11,1.5314714496018e-08
"84","ENSG00000146950",65.0458312700457,2.13270785999652,0.329022270953134,6.48195592905716,9.05410902146361e-11,1.59927631955165e-08
"85","ENSG00000060140",25.7324457348793,4.22798785618202,0.652663007614146,6.47805652665641,9.29115487426958e-11,1.62422797116484e-08
"86","ENSG00000153253",184.328070666997,1.93130354181668,0.298479572704384,6.47047141054927,9.76976374341547e-11,1.67339276562723e-08
"87","ENSG00000185499",215.736876619699,1.68303056654683,0.262035481999694,6.4229109497041,1.33692710295042e-10,2.26702728847303e-08
"88","ENSG00000095739",1896.23257477878,1.08840690623766,0.169513878566336,6.42075395503229,1.35601047251311e-10,2.27662075073314e-08
"89","ENSG00000117407",218.001132157808,1.85187718128054,0.294116759484721,6.29640141733147,3.04634866921156e-10,5.01523634794373e-08
"90","ENSG00000071859",1407.03715642542,1.1032567941853,0.175439891754979,6.28851729871174,3.20512358633173e-10,5.16093913670903e-08
"91","ENSG00000101187",3161.55955410644,1.14874762907536,0.183186428420488,6.27092104464482,3.58918596353204e-10,5.63535429477897e-08
"92","ENSG00000054793",2246.49196793088,1.44600791246871,0.232652640930744,6.21530839574333,5.1223944222106e-10,7.89640383794774e-08
"93","ENSG00000186088",630.949599329524,1.59938963621383,0.258149727516149,6.19558909320861,5.80674348557911e-10,8.79151332901474e-08
"94","ENSG00000170214",68.6450783443228,2.29356433021952,0.370110202382773,6.19697678003343,5.7557988396973e-10,8.79151332901474e-08
"95","ENSG00000160181",64.9836524406777,2.06887875929152,0.334492143923911,6.18513408124208,6.20497070011101e-10,9.17945383121985e-08
"96","ENSG00000003137",46.305972226323,3.59511151186923,0.582566856903522,6.17115695695097,6.77920821631446e-10,9.90991670034865e-08
"97","ENSG00000184305",22.7557027476358,3.99125841796373,0.653121561772006,6.11104984366909,9.89778441654027e-10,1.42234517246842e-07
"98","ENSG00000182022",2990.80890224372,1.13121506757796,0.185229819437247,6.10708940393476,1.01464409457114e-09,1.44582520265907e-07
"99","ENSG00000048052",46.4403010828192,2.90201531923333,0.475911190595173,6.09780853357131,1.07532433802448e-09,1.5195228999901e-07
"100","ENSG00000183018",6869.86379233209,1.00404709523265,0.166208878492599,6.04087521881305,1.53280488011542e-09,2.1480803596791e-07
"101","ENSG00000186891",1223.43858831764,1.37711149198391,0.22936705465151,6.00396379539436,1.92557656095884e-09,2.67639358558845e-07
"102","ENSG00000128342",262.378129062207,2.12833229446203,0.354625085217082,6.00164055839192,1.95333741356179e-09,2.69290589607865e-07
"103","ENSG00000168077",30.9903452744517,3.5570835238373,0.595567609785706,5.97259398495024,2.33510538298564e-09,3.14256999835614e-07
"104","ENSG00000196924",33600.7694202523,1.07511396783977,0.181252217963908,5.93159068571429,3.00013781269671e-09,4.00577455825969e-07
"105","ENSG00000005001",69.3075526991934,2.85781251175893,0.484342113282562,5.90040063291317,3.62619959509147e-09,4.72995896415124e-07
"106","ENSG00000173517",3734.12108964298,1.07618518592786,0.182518275980177,5.89631465752362,3.71709841400556e-09,4.81151433635819e-07
"107","ENSG00000142227",372.489339590492,1.2710609169044,0.217175913285038,5.85267904565533,4.83717049387855e-09,6.21393182308322e-07
"108","ENSG00000141469",83.8964078287092,2.55570630577408,0.438010251408302,5.83480933963738,5.38521104492956e-09,6.82044458323657e-07
"109","ENSG00000277147",682.084899397306,1.13719116001869,0.195380369079035,5.82039621165155,5.87082897798531e-09,7.37419607257014e-07
"110","ENSG00000169403",62.443073812054,2.34271902513239,0.403582180677339,5.80481284183697,6.44379408495178e-09,8.03436884547995e-07
"111","ENSG00000145284",338.431595627492,1.25764281104608,0.217345059589915,5.78638784529537,7.19160636570213e-09,8.77324238440367e-07
"112","ENSG00000127947",3424.77372318067,0.940568237866243,0.162874196783393,5.77481428268905,7.70380088427767e-09,9.28471841348083e-07
"113","ENSG00000268879",19.934603347972,3.89532941366225,0.674579900699536,5.77445223260107,7.72038271097952e-09,9.28471841348083e-07
"114","ENSG00000138772",1881.2069604365,1.452601553456,0.251763746350076,5.76970105710201,7.94122803037778e-09,9.48305659937437e-07
"115","ENSG00000053747",609.687911676817,1.42613248967858,0.247764722477949,5.75599494316836,8.61329639097693e-09,1.01261923798764e-06
"116","ENSG00000132205",116.235484518867,1.70756488142522,0.297618126758713,5.73743575373547,9.61207231439421e-09,1.10878850500124e-06
"117","ENSG00000139044",307.467241845229,1.63149496454569,0.285091791347541,5.72270059700461,1.04843938288976e-08,1.20124233889605e-06
"118","ENSG00000115414",1175.64330236322,2.04976972208925,0.358951065958067,5.71044333471544,1.12682251677179e-08,1.27437784546081e-06
"119","ENSG00000170421",145539.391822687,0.955236110091318,0.170285286302224,5.60962212786815,2.0276886286548e-08,2.19003287108914e-06
"120","ENSG00000102554",4813.49283738618,0.860306577844637,0.153339081791905,5.61048473612323,2.01760668611519e-08,2.19003287108914e-06
"121","ENSG00000183128",678.418299246194,1.96138749564076,0.349534655535389,5.6114249748325,2.00667285418425e-08,2.19003287108914e-06
"122","ENSG00000073849",152.547759602182,1.53970496012928,0.276380634253294,5.57095819788221,2.53342113695709e-08,2.71893811515072e-06
"123","ENSG00000101188",3341.27541351327,1.83757192810395,0.330983964699953,5.55184578131985,2.82668918481197e-08,2.99576053167853e-06
"124","ENSG00000113209",67.1203036019607,2.52780758639924,0.455294484102129,5.55202769781901,2.82374838626423e-08,2.99576053167853e-06
"125","ENSG00000173402",2231.64131118485,1.05339803697933,0.190406605405455,5.5323607851535,3.15949186103185e-08,3.30712984490846e-06
"126","ENSG00000237330",35.7259570343628,2.89610870960413,0.526012492055706,5.50577933669573,3.67538668229564e-08,3.82352956881516e-06
"127","ENSG00000272398",1795.9949242388,1.19257288284003,0.216785731057133,5.50115949525172,3.77301699396076e-08,3.90116153454833e-06
"128","ENSG00000167757",40.9895605059898,4.72398291265716,0.859586349731794,5.49564673069916,3.89281107073903e-08,4.00063014100132e-06
"129","ENSG00000176438",2751.68089369778,1.08545344975536,0.197591161112446,5.49343120230792,3.94198713766351e-08,4.02676360803374e-06
"130","ENSG00000120057",1193.62532327673,2.48567527680544,0.453074577854137,5.4862386863067,4.10582042686715e-08,4.169005807089e-06
"131","ENSG00000213390",845.717121511392,1.04779040283348,0.191039300818808,5.48468507968034,4.1420662940392e-08,4.18077488976326e-06
"132","ENSG00000175600",175.963012981034,1.34029380204467,0.244723035921963,5.47677825667405,4.3313943547922e-08,4.34600319965747e-06
"133","ENSG00000204839",405.281076289303,1.13328966102998,0.207021530858813,5.47425988170706,4.39343913281093e-08,4.38232631618088e-06
"134","ENSG00000013619",309.322324767443,1.19307422985196,0.219904833178874,5.42541158648155,5.78211457090528e-08,5.70042539411865e-06
"135","ENSG00000071553",2048.89450058616,1.04391975757899,0.193475533285724,5.39561638544412,6.82887095776195e-08,6.50545869835783e-06
"136","ENSG00000227051",621.348390698179,1.17243963203492,0.21836903248171,5.3690746288997,7.91416674516442e-08,7.41439367390901e-06
"137","ENSG00000136634",140.875335925841,1.70955958866596,0.318374644722887,5.36964741697303,7.88907267953211e-08,7.41439367390901e-06
"138","ENSG00000115461",57.01266291515,2.40445652046626,0.448715410392281,5.35853341511987,8.39002206758581e-08,7.81701121978311e-06
"139","ENSG00000169429",482.921991000844,2.05071785708974,0.384142996146397,5.33842313321317,9.37584408395848e-08,8.68776984326141e-06
"140","ENSG00000137078",451.837053476264,1.4876072299904,0.279030693864634,5.33133903437907,9.7491213164882e-08,8.98455707411361e-06
"141","ENSG00000127418",6294.52792489838,0.929024803588883,0.174685048468384,5.31828460268611,1.04750130175251e-07,9.54972020097706e-06
"142","ENSG00000229962",77.9964839846097,2.28428892666225,0.431224799547284,5.29721140588477,1.17584534714727e-07,1.06624650008429e-05
"143","ENSG00000136352",24.085753711265,3.63838937870627,0.687700290534391,5.29066139535725,1.21874818436045e-07,1.09927196607448e-05
"144","ENSG00000013297",3414.3927441599,0.885372402360584,0.167568130629926,5.28365625988828,1.26630754810454e-07,1.11837380693795e-05
"145","ENSG00000154639",469.178399021734,1.03521283680222,0.195889957583938,5.28466517411257,1.25934877677418e-07,1.11837380693795e-05
"146","ENSG00000169057",3207.81482760674,0.922642431852021,0.175971602205981,5.24313252982738,1.57873055934611e-07,1.37992443787794e-05
"147","ENSG00000100290",686.465544174422,1.11494710271114,0.213104022909389,5.23193831580181,1.67741730896196e-07,1.45866488759323e-05
"148","ENSG00000163739",130.050428705845,1.54282381604156,0.295416415173367,5.22253922530386,1.76486156709073e-07,1.526875387406e-05
"149","ENSG00000102854",974.018739641601,1.64921823606065,0.316596203914989,5.20921671096061,1.89639512479001e-07,1.59985931000319e-05
"150","ENSG00000002587",32.6998871052389,3.72079624785063,0.715008728032677,5.20384731258915,1.95204410391951e-07,1.63865405297837e-05
"151","ENSG00000115339",25.7008580465166,3.24121525338963,0.623148277081263,5.2013547539135,1.97841054562696e-07,1.6526062868077e-05
"152","ENSG00000196976",570.58493296148,1.47368343620294,0.285360660010773,5.16428380894305,2.41361253424454e-07,1.96894195054806e-05
"153","ENSG00000185483",34.301152516915,2.73798579008553,0.530189618446661,5.16416333859427,2.41516733923451e-07,1.96894195054806e-05
"154","ENSG00000102119",1449.79168704753,0.950508338685129,0.184501741696949,5.15175808067099,2.58055787131699e-07,2.06408112376992e-05
"155","ENSG00000138678",401.896299732509,0.986083389788606,0.192696978928073,5.11727477656344,3.09981871120695e-07,2.4448198086482e-05
"156","ENSG00000088836",629.073785644498,1.0156627878091,0.19963701452715,5.08754746816236,3.62723616239241e-07,2.83442597261236e-05
"157","ENSG00000170786",16.4523050370885,3.43126496487333,0.676745336367257,5.07024545347033,3.97302969621477e-07,3.09039745682174e-05
"158","ENSG00000154310",4136.53999351341,0.929314546293068,0.184095242730726,5.04800956563754,4.46436799778424e-07,3.44101309720124e-05
"159","ENSG00000232803",158.145297365808,1.9795256437541,0.392711127420376,5.0406660406012,4.63914419232891e-07,3.55954606648513e-05
"160","ENSG00000142156",1195.72508938001,2.07632370815791,0.412442944671433,5.0342083310747,4.79827628751533e-07,3.64862650257388e-05
"161","ENSG00000206075",22.0292423636602,4.1157348568948,0.819631227214132,5.02144710967625,5.12836262041236e-07,3.86496199797033e-05
"162","ENSG00000179750",903.013281881501,0.993723811556451,0.199029039075071,4.99285840988074,5.94921725019586e-07,4.42459986454259e-05
"163","ENSG00000226281",19.0086645307976,3.83468297348348,0.770198991652771,4.97882107746549,6.39727475416748e-07,4.73705624482175e-05
"164","ENSG00000107816",3589.47230352603,0.859542072371082,0.172788621251211,4.9745293766852,6.54063454455717e-07,4.82215391182852e-05
"165","ENSG00000166106",202.746358602596,1.95890400871744,0.393957071130017,4.97237935874222,6.61361275311676e-07,4.85484984651952e-05
"166","ENSG00000106571",93.0477322538424,1.40781345378598,0.283241743120821,4.97036008278433,6.6828673059297e-07,4.88454228045905e-05
"167","ENSG00000138316",1157.03291239906,1.11125207472582,0.2241414162306,4.95781678109213,7.12897442222688e-07,5.16606919990176e-05
"168","ENSG00000157483",3242.70786223566,1.05658086453014,0.213198023766237,4.95586612795546,7.20087855129196e-07,5.18537784108747e-05
"169","ENSG00000121068",852.715501422702,1.0403244808831,0.210441325700244,4.94353700453756,7.67177798471703e-07,5.44311043041199e-05
"170","ENSG00000178209",31753.7397615594,1.35173480183676,0.273643412254314,4.93976738084417,7.82158234057932e-07,5.50334322610803e-05
"171","ENSG00000100644",2645.43547255647,0.796881719477639,0.161878069405486,4.92272809037241,8.53459995315083e-07,5.95560540763698e-05
"172","ENSG00000166912",446.839941316736,0.911399724810179,0.185818419744975,4.90478675935906,9.35288907941425e-07,6.47334449467867e-05
"173","ENSG00000185532",13.636615000883,4.08916986686124,0.834024952566286,4.90293468352344,9.44153851698369e-07,6.50813693628018e-05
"174","ENSG00000180801",43.2475362244839,2.45033633482541,0.501724396854771,4.88382934971107,1.04045130939985e-06,7.11408582802151e-05
"175","ENSG00000165312",162.058846902195,1.39208970795753,0.285511187130801,4.8757799018214,1.08379398386492e-06,7.38068055598292e-05
"176","ENSG00000167755",1486.19363263007,1.54888646222207,0.317797630778028,4.87381374880017,1.09464197246571e-06,7.42473757084042e-05
"177","ENSG00000128805",307.095807646666,1.41924428424941,0.291264894082373,4.87269256640326,1.10087465028981e-06,7.43726352389013e-05
"178","ENSG00000131196",94.7402597389642,1.61931562114637,0.333559871294862,4.85464757754065,1.20601028701243e-06,8.05130568380698e-05
"179","ENSG00000215182",66.9870554078543,2.65677335684034,0.549050849099208,4.83884755155034,1.30594166631063e-06,8.68425601397232e-05
"180","ENSG00000106546",410.377022949284,0.899626527886096,0.186349048985272,4.82764217357072,1.38159050377093e-06,9.08047681102465e-05
"181","ENSG00000072110",13235.5160671033,0.77579824688251,0.161015463349203,4.81815988815928,1.44888246532642e-06,9.4629449605106e-05
"182","ENSG00000145819",1680.076984771,0.86218637091151,0.178955694910486,4.81787613041752,1.45094396988427e-06,9.4629449605106e-05
"183","ENSG00000181467",1329.91594799758,0.961444134037339,0.199690852785321,4.81466286826341,1.47448605034655e-06,9.57963982978025e-05
"184","ENSG00000067829",1077.61133973176,0.941780184053705,0.195642710375007,4.81377600140841,1.48104811399264e-06,9.58554689655464e-05
"185","ENSG00000010810",5216.41434240123,0.804559159569387,0.167187821166858,4.81230722401971,1.49197762717066e-06,9.61956829807334e-05
"186","ENSG00000110092",7453.49265936117,1.04277172502489,0.216995624209237,4.80549655701537,1.54367894810239e-06,9.91521360718642e-05
"187","ENSG00000108219",2623.06630377945,0.842905199345664,0.17619504463375,4.78393249422979,1.71898436417509e-06,0.000109171602484334
"188","ENSG00000078900",67.7538411090517,1.80210140847562,0.376920621101793,4.78111652052314,1.74324279455224e-06,0.000110299134579188
"189","ENSG00000198060",1468.65599026391,0.814500417632288,0.17044185066355,4.77875835342872,1.76381020856388e-06,0.000111185612292259
"190","ENSG00000102178",2503.09892672556,0.910165157529585,0.19106174582267,4.76372260501763,1.90053730611537e-06,0.000118483129043376
"191","ENSG00000154783",2646.35344412126,0.951954776908239,0.20080995704299,4.74057557168066,2.13111943692147e-06,0.000130932580767672
"192","ENSG00000142515",54.1436869057241,2.14757016474772,0.453211220929205,4.73856353411688,2.1523854671422e-06,0.000131761734174477
"193","ENSG00000106003",1998.01219844549,1.43028905316793,0.302567353939083,4.72717573309608,2.27664222435448e-06,0.000138866986325104
"194","ENSG00000026103",108.637762720585,1.34572525630369,0.285223450642227,4.71814380365139,2.38006239175356e-06,0.000144654903143244
"195","ENSG00000002726",136.094746765754,1.65960694925647,0.352428888515373,4.7090548003816,2.48868160387156e-06,0.000149957107619475
"196","ENSG00000099250",127.543378805199,1.41098452063272,0.299659032769108,4.70863336771133,2.49383171248994e-06,0.000149957107619475
"197","ENSG00000196968",681.423772742088,1.00339801499924,0.213217827698425,4.7059761645187,2.52654039254883e-06,0.000150854033226939
"198","ENSG00000269556",395.634128885911,0.96583257884031,0.205849241754458,4.6919413965701,2.7062465528228e-06,0.000159894852948489
"199","ENSG00000120913",237.707220739204,0.984655247684108,0.210470117729155,4.67836127193704,2.89176716152724e-06,0.000169088606062129
"200","ENSG00000167767",5078.24493912143,1.05745691223291,0.226184999075301,4.67518587243207,2.9368749941784e-06,0.000170549963274942
"201","ENSG00000171862",2931.81011090467,0.766110333298608,0.163866587339697,4.67520771461757,2.93656242372598e-06,0.000170549963274942
"202","ENSG00000173848",6207.47564698125,0.812411282397899,0.174048636352615,4.66772563935514,3.04552206091093e-06,0.000176255691422753
"203","ENSG00000182512",4010.90324911294,0.927665357112541,0.198818000642857,4.66590225287969,3.07265752072936e-06,0.000177221270676897
"204","ENSG00000112773",393.720717238268,1.23320190586713,0.265185548615309,4.65033600928258,3.3139466553709e-06,0.000187315311450414
"205","ENSG00000183722",291.447636311781,0.953842590417718,0.20624956177792,4.62470117364308,3.75138836652184e-06,0.000209941559508616
"206","ENSG00000132334",1941.76920366227,0.945994921833947,0.205136792043901,4.61153219960415,3.99711724951793e-06,0.00022222661377074
"207","ENSG00000069812",214.020198623811,2.04201223090714,0.443347419597136,4.60589628053478,4.10693067061127e-06,0.000227585697325344
"208","ENSG00000144959",1594.70135248741,1.36321771033609,0.296664935241688,4.59514269600316,4.32453223972504e-06,0.000238087964899408
"209","ENSG00000107317",14.0011301085336,3.47745875686421,0.757463416581474,4.59092634804518,4.41283049702724e-06,0.00024138182818739
"210","ENSG00000133863",11.8485195779378,4.58170046694621,1.00020968819094,4.58073993987507,4.63333702257967e-06,0.00025181889708937
"211","ENSG00000184254",332.472080324467,1.95077415698331,0.426412200335972,4.57485539918015,4.76549010128432e-06,0.000258173851908876
"212","ENSG00000198756",4168.80393611142,0.798721373363852,0.174649741876247,4.57327542991624,4.80158275919989e-06,0.000259300760661632
"213","ENSG00000147383",546.831907782067,0.95653504479554,0.209248492261057,4.57128763251576,4.84736381945497e-06,0.000260116292045879
"214","ENSG00000168672",135.363503472172,1.76514704995798,0.386099685306064,4.57173915735967,4.83692817672892e-06,0.000260116292045879
"215","ENSG00000122863",49.1942684597551,2.91134002784919,0.636984014819461,4.57050720287595,4.86545197651316e-06,0.000260263309671084
"216","ENSG00000140526",10934.0237414781,0.819221016675463,0.179597065355469,4.56143876880177,5.0804292162099e-06,0.000270059053978907
"217","ENSG00000182985",158.584742736399,1.39215495155393,0.305792501374703,4.55261311279851,5.29836568193389e-06,0.000278155996497068
"218","ENSG00000065621",1461.14353187723,0.709808106423939,0.156872694054996,4.5247396986444,6.04698840982824e-06,0.00030978484128537
"219","ENSG00000167779",2075.36855480971,0.97945730555633,0.216513011328573,4.5237803471771,6.07447663663153e-06,0.000310255723877593
"220","ENSG00000160131",1949.50838655229,0.809805602354485,0.179271515857524,4.51720173436853,6.26622013442874e-06,0.000319087972430955
"221","ENSG00000163053",26.4880512436255,2.37363769458678,0.526038913996798,4.51228536792476,6.41328206428742e-06,0.000325598874144077
"222","ENSG00000124788",2162.10411320037,0.980617735532129,0.218000913085613,4.49822765259254,6.85223024338114e-06,0.000346845576826907
"223","ENSG00000055950",1435.93682717392,0.85945189657232,0.191257474066655,4.4936905120518,6.99993400058546e-06,0.000353267502523594
"224","ENSG00000136826",78.9162637241937,1.32944115910033,0.296394450914065,4.48537803255223,7.27847723960753e-06,0.000365151297491198
"225","ENSG00000160789",9974.56110614408,0.848689639171238,0.189858838828002,4.47010865762267,7.81798691336697e-06,0.000387630421315683
"226","ENSG00000285588",37.3086500576881,1.85677208341612,0.417291499271232,4.44958041718759,8.6038210397779e-06,0.000422884038758011
"227","ENSG00000124333",1183.11873306142,0.724165608499535,0.16294672964578,4.44418620781009,8.82251699018318e-06,0.00043237982833103
"228","ENSG00000163435",573.089208116433,1.15505183332206,0.260089235147124,4.44098285216874,8.95489313624601e-06,0.000435027382438141
"229","ENSG00000127528",171.066764950641,1.25417858039261,0.282447170752563,4.44040057845481,8.97915809714863e-06,0.000435027382438141
"230","ENSG00000121966",48.4277917674387,1.99271995435397,0.448767253162081,4.44043084764534,8.97789514942022e-06,0.000435027382438141
"231","ENSG00000063601",1538.04855623077,1.14065195950136,0.257090428600551,4.43677333967817,9.13173580895859e-06,0.000438659615049606
"232","ENSG00000181744",10.3714026235066,4.0649601778631,0.920310677841669,4.41694340371702,1.00106427954822e-05,0.000472842534493011
"233","ENSG00000101276",302.847496557425,1.2975138191395,0.294309843866735,4.40866605782653,1.04009255611992e-05,0.000485863621876737
"234","ENSG00000246575",123.937202299921,1.08247707628268,0.245768180998088,4.40446388090855,1.0604580695788e-05,0.000492662670845143
"235","ENSG00000165775",1945.32666354877,0.865424281731954,0.196727152100383,4.3991094899313,1.08695979971119e-05,0.000503595008844334
"236","ENSG00000171552",4356.53164555667,0.733546319583264,0.167123970944866,4.38923462287321,1.13750294418965e-05,0.000521314524989835
"237","ENSG00000197847",101.066668485908,1.18344741092079,0.270718234895075,4.37150977797808,1.23390323284101e-05,0.000560946303466087
"238","ENSG00000158715",706.906782164107,1.05901784207787,0.242403994487309,4.36881349384411,1.24923393984803e-05,0.000566397324010777
"239","ENSG00000196878",991.216475854963,1.20186250230862,0.275271506530734,4.36609846567768,1.26485478303066e-05,0.000570429323293906
"240","ENSG00000111057",57672.3909255865,0.738904408891583,0.169649820063128,4.35546827350968,1.32782749003182e-05,0.000597240603407682
"241","ENSG00000156535",1834.22811221933,1.04356580031174,0.240388175091662,4.34116944360438,1.41726372607673e-05,0.00063578150801807
"242","ENSG00000140403",478.447964459874,1.09776570368929,0.253600610465352,4.32871869541212,1.49979354779585e-05,0.00066926313657827
"243","ENSG00000145864",31.2090112209755,2.0380298816264,0.470921383313516,4.32774971330955,1.50640511026108e-05,0.000670449119545857
"244","ENSG00000169740",161.935551681603,1.14638827919211,0.264972479993776,4.32644280349054,1.51536645047054e-05,0.000672671960749448
"245","ENSG00000180879",2615.20980170371,0.756421009455896,0.174919171779092,4.32440310437321,1.52945408772733e-05,0.000677152818944971
"246","ENSG00000078018",33.8211688916106,2.77350481526834,0.64161198185709,4.32271356161503,1.54121775600708e-05,0.000680584101265938
"247","ENSG00000088992",2373.52159181058,0.790933832094327,0.183470538514345,4.31095825247434,1.62548595055607e-05,0.00071039601194792
"248","ENSG00000104267",27.6669629298386,2.2035082075284,0.511348313240146,4.30921184342218,1.6383737552969e-05,0.000714187757546773
"249","ENSG00000145730",8686.76692842038,0.728054445538248,0.169025683065893,4.30735987769636,1.65214690086946e-05,0.000717720325245036
"250","ENSG00000244509",2443.91913613534,0.693246943554102,0.161512293746303,4.29222400025491,1.76892360463201e-05,0.000765194835809821
"251","ENSG00000146674",83.4388240526412,2.0555704676699,0.481023838046366,4.27332349269509,1.92580742273708e-05,0.000828830367191691
"252","ENSG00000250986",104.833366552739,1.61814943755905,0.379079753650453,4.26862532745848,1.96681311203837e-05,0.000840081862489539
"253","ENSG00000254285",161.918147498317,1.01375160555671,0.237978343016158,4.25984815554362,2.04565827974782e-05,0.000869379134077287
"254","ENSG00000138185",252.747685910235,0.970072962831531,0.228811152906558,4.23962272165854,2.2389576521486e-05,0.000946783164775158
"255","ENSG00000020633",1534.75812197658,1.09226398734279,0.257740307650897,4.23784699140745,2.25673475898787e-05,0.00094956454858951
"256","ENSG00000124942",8046.26269258303,1.27904193178756,0.302706434135201,4.22535429562851,2.38565142312256e-05,0.000996391408420916
"257","ENSG00000198843",1251.8560069772,0.825476534548376,0.195497239669714,4.22244598411205,2.41665326226076e-05,0.00100685968963527
"258","ENSG00000185760",40.9427959660925,2.46420482049428,0.584284397168635,4.21747497012669,2.47053232976585e-05,0.0010217760174595
"259","ENSG00000169583",95.0894042438231,2.36951868187772,0.562025146081961,4.21603677058993,2.486332370736e-05,0.00102580871071947
"260","ENSG00000142224",40.993509715301,2.15240267937485,0.510831810720134,4.2135251450777,2.5141558270001e-05,0.00103477039704953
"261","ENSG00000141232",1468.80327479161,0.933493345281048,0.221812682906646,4.20847596741763,2.57098867307629e-05,0.00105559939296258
"262","ENSG00000176986",3122.25553192089,0.765202282585947,0.182534238573913,4.1921027450206,2.76380766481794e-05,0.00112929847162211
"263","ENSG00000033170",964.802042956672,1.00459793128174,0.239748778957673,4.19021083506373,2.78695375421088e-05,0.00113601862524408
"264","ENSG00000139289",20629.476847068,1.06981568909051,0.25538651038756,4.18900625356846,2.80178679881731e-05,0.00113932610905384
"265","ENSG00000125850",76.4825327084587,1.68826293996192,0.403341887602019,4.18568711025556,2.84304757402959e-05,0.00115058610293126
"266","ENSG00000184216",9467.77495908235,1.0106264733423,0.242039518423349,4.1754606021593,2.97383721126193e-05,0.00119496108036418
"267","ENSG00000167106",1157.42797789033,0.752115286463149,0.180640350214684,4.16360622402076,3.13260185370517e-05,0.00125578084239429
"268","ENSG00000172927",133.833361054786,2.18928923117208,0.526521024105702,4.15802813361651,3.21006497425265e-05,0.00128379886246232
"269","ENSG00000158470",3485.79455972646,0.717948673754146,0.172937011103729,4.15150388671582,3.30297654452613e-05,0.00131475524097487
"270","ENSG00000197046",21.1470049950844,2.59005630369663,0.624158425011096,4.14967770987083,3.32943720198218e-05,0.00132218423030473
"271","ENSG00000150893",14.7752481367007,3.07640876999127,0.742235227313978,4.14478949095998,3.40126021776268e-05,0.00134440954574829
"272","ENSG00000100505",257.588622612176,0.908241421571156,0.219165977958648,4.14408034509135,3.41180119252828e-05,0.00134543983306284
"273","ENSG00000006704",2653.87498540049,0.679727119292407,0.164597636325309,4.12962867795379,3.63349595344232e-05,0.00142623127042874
"274","ENSG00000213341",1552.46369798838,0.698659766977214,0.16945121051484,4.12307333098707,3.7385061599006e-05,0.00145732986099849
"275","ENSG00000152804",555.60829835598,0.847161336079811,0.205557532390308,4.12128578422142,3.76763702437035e-05,0.00146196386778599
"276","ENSG00000274276",47.086498126481,2.69740379673389,0.654728247926713,4.11988302822673,3.79064788641365e-05,0.00146419171320994
"277","ENSG00000105974",1781.29825228109,0.859015377681057,0.208554464530377,4.11890188788521,3.8068217708741e-05,0.00146709719928891
"278","ENSG00000010278",9505.32459926403,0.751863452725954,0.182770429126272,4.11370404020066,3.89360571665145e-05,0.00149713995776097
"279","ENSG00000267968",19.6077485351799,2.4822124537578,0.604328364430862,4.10739028623201,4.00154749030496e-05,0.00153516381884845
"280","ENSG00000260001",54.0964664560557,1.37471880654703,0.334952390795963,4.10422150825741,4.05678629724353e-05,0.00155284255626091
"281","ENSG00000196754",379.133551560804,1.250475653258,0.304904743294601,4.10120104969893,4.1101125561224e-05,0.00156971123004882
"282","ENSG00000164951",722.454997186088,0.962450499793857,0.234744045407735,4.09999963203389,4.13150795156734e-05,0.00157433663673545
"283","ENSG00000142192",17491.8509010344,0.670682188246561,0.164303151682047,4.08198005565006,4.4653629603511e-05,0.00169015981514896
"284","ENSG00000233913",525.860306911143,0.807854635563328,0.19790151547741,4.08210434172014,4.46297502168073e-05,0.00169015981514896
"285","ENSG00000182795",2463.96557377816,0.930177322815621,0.228935730912751,4.06305000581197,4.84356481666609e-05,0.00182288312445016
"286","ENSG00000118495",165.42394828967,1.12138074062476,0.276161587375322,4.06059637505172,4.894752710493e-05,0.00183629030335907
"287","ENSG00000099194",18642.8165020416,0.805620161092559,0.198968017752869,4.04899325123293,5.14384279087899e-05,0.00191281013607314
"288","ENSG00000171345",19670.2156401522,1.14289098475532,0.282369013324986,4.04750851128247,5.1765700245857e-05,0.00192002210172553
"289","ENSG00000159921",229.419195746171,1.50757331934756,0.372792166966505,4.04400481805995,5.25458385287639e-05,0.00194121957283715
"290","ENSG00000078401",13.8637802968574,3.31307602302888,0.819963560893971,4.04051616564128,5.33336884193604e-05,0.0019660420750589
"291","ENSG00000156384",185.41668180642,1.10818463590429,0.27463568195253,4.03510799480103,5.45771888216301e-05,0.00199884533660558
"292","ENSG00000175793",1784.6604361136,0.860340479622098,0.213448253785851,4.03067471559296,5.56169693107869e-05,0.00202647872441222
"293","ENSG00000106852",397.815920822019,0.950551925619442,0.235847582189506,4.03036536052197,5.56902214764459e-05,0.00202647872441222
"294","ENSG00000188549",478.781304539876,1.0518049362278,0.261967848421897,4.01501536377042,5.94419225577594e-05,0.00214590610960622
"295","ENSG00000146054",269.424752114391,0.90869906435711,0.226903081449303,4.00478943940715,6.20727465223645e-05,0.00223001602283842
"296","ENSG00000226688",296.226626079145,0.920885611827048,0.230062679792916,4.00275965078716,6.26078970894456e-05,0.00224448649248569
"297","ENSG00000121039",1090.12460666484,0.733309084343814,0.183571026352073,3.99468858956746,6.47793408912275e-05,0.00231743308753702
"298","ENSG00000184557",69.4202003947766,1.37738498330698,0.345564331300216,3.98590033330249,6.72247277073854e-05,0.00237491285681581
"299","ENSG00000171451",66.6080012216422,1.64694250293173,0.413192707938995,3.98589440541359,6.72264062789166e-05,0.00237491285681581
"300","ENSG00000166135",2605.29055050423,0.764452996001472,0.191849328760372,3.98465296147222,6.75788151848726e-05,0.00238239910413697
"301","ENSG00000139211",1191.22511615989,1.15802964070106,0.290927568563393,3.980474062391,6.87779694273679e-05,0.00241964321074663
"302","ENSG00000154027",25.1571038436435,2.46392720525172,0.61946893995897,3.97748304445242,6.96485874645514e-05,0.00244519895990973
"303","ENSG00000234327",54.8676395699651,1.5252718136629,0.384180977021418,3.97019088630685,7.18150726603763e-05,0.00251086224144742
"304","ENSG00000138190",1463.33384851799,0.869008231685746,0.219380149911647,3.961198093974,7.45746307619813e-05,0.00259131560211253
"305","ENSG00000198753",680.91816179424,1.04229082858861,0.26346420159879,3.95610038200118,7.61831591610563e-05,0.00264179515315753
"306","ENSG00000112559",819.22637149495,0.706468031829942,0.17870231437036,3.95332334849223,7.7073170511359e-05,0.00266720357624717
"307","ENSG00000169962",52.7636272954934,1.69284545044497,0.428774010780646,3.94810648006137,7.87717692320234e-05,0.00272043358628803
"308","ENSG00000119408",1915.30444757611,0.780002166014995,0.197830775089379,3.94277465506868,8.05443279819314e-05,0.00277599627965368
"309","ENSG00000004799",84.2527800722815,1.37797578153556,0.349905240749251,3.9381398763417,8.21157228182388e-05,0.00281869698750784
"310","ENSG00000113319",1310.70282385626,1.09131392622952,0.277737640083088,3.92929790108048,8.51942436289764e-05,0.00291797888983069
"311","ENSG00000131652",599.772815095143,0.850195544794165,0.216716020091613,3.92308581725873,8.7421993936332e-05,0.00297673644814936
"312","ENSG00000197620",262.340145853749,0.919937321669854,0.234556966458957,3.92202088711284,8.78093780300414e-05,0.00298193034205036
"313","ENSG00000188215",662.080376523463,0.695424950524674,0.17748895842113,3.91813077675869,8.92382899322927e-05,0.00302038659158061
"314","ENSG00000185825",3828.76087162245,0.946037433095009,0.241722025067416,3.91374113646102,9.08770592006177e-05,0.00306972568299776
"315","ENSG00000160255",21.6523809076131,3.06404062148771,0.783329348449003,3.91156111736976,9.17014430454083e-05,0.00309141425391847
"316","ENSG00000187242",17.3712728738357,2.26208414973632,0.582594783421165,3.8827744671051,0.000103271345196598,0.00346081462549154
"317","ENSG00000141526",10530.0432252493,0.684155641561992,0.176265340851969,3.88139629864364,0.000103858437629891,0.00347362431339263
"318","ENSG00000151893",2248.86650165036,0.669792742607438,0.172965046050454,3.87241675645875,0.000107761485882099,0.00358296375706422
"319","ENSG00000128394",233.372118167673,1.0822536580574,0.279985552937644,3.86539107715472,0.000110911338943146,0.00368047666234624
"320","ENSG00000231991",1014.72002990488,0.823373797284598,0.213172290559565,3.86248041489487,0.000112241566143377,0.00371734421307274
"321","ENSG00000137801",619.71290186733,1.80148614936891,0.466838190290487,3.85890911848482,0.000113894278754761,0.00375740327790755
"322","ENSG00000175707",152.766501971519,0.935471226111385,0.242808502907035,3.85271197223909,0.000116816773273385,0.00384633402795492
"323","ENSG00000159216",5147.07890005627,0.609148832240054,0.158601326650793,3.84075496153492,0.000122656504132304,0.00400936141489285
"324","ENSG00000102678",38.7281399387038,1.57830987681424,0.410895122019981,3.84115019193995,0.000122459154968256,0.00400936141489285
"325","ENSG00000104611",730.131193371473,0.9382669278661,0.244530331566727,3.83701654455111,0.00012453808492127,0.00403784379734221
"326","ENSG00000229167",53.0756645388682,1.54919223921374,0.403831474998236,3.83623450653643,0.000124935118125802,0.0040429862558382
"327","ENSG00000101842",56.6186538217674,1.86344256076722,0.486398234732985,3.83110469508627,0.000127569204894365,0.0041125304323075
"328","ENSG00000197747",3942.3231891254,0.793530835664019,0.2072477666715,3.82889933343317,0.000128717640291969,0.00414167936704161
"329","ENSG00000179133",23.4622946824707,2.14184334599829,0.559794109132085,3.82612698322075,0.000130175158630984,0.00416486823567094
"330","ENSG00000107679",1806.92662561219,0.801972665892973,0.209830731880131,3.82199813491149,0.000132374691231916,0.00421931887071354
"331","ENSG00000114861",507.077078699575,0.689017300475503,0.180442596876745,3.81848472811633,0.000134273895105484,0.00427182446398442
"332","ENSG00000089820",3117.70115806423,0.627104013722113,0.164276986064451,3.81735767587116,0.000134888552089898,0.0042833430295663
"333","ENSG00000108551",45.0175145656146,1.6647912610306,0.436835444804933,3.8110260530118,0.000138391179398805,0.00438635369918791
"334","ENSG00000262919",465.027764526619,1.02415956514886,0.268883968754022,3.80892758275885,0.00013957082417751,0.0044154896745859
"335","ENSG00000025800",2368.69963097767,0.655820543543776,0.172220952462378,3.80801832858891,0.000140084892373908,0.00442350003721482
"336","ENSG00000196460",47.380910765566,2.50236857825106,0.658969479564905,3.79739677762207,0.000146223634646913,0.00455793046453623
"337","ENSG00000197415",39.8753641975722,1.56826675312663,0.413256623138466,3.79489804958592,0.000147704137268219,0.00459563129478382
"338","ENSG00000104823",1679.28062847826,0.719712939959231,0.189764806079208,3.79265763146209,0.000149043580577227,0.00462881317920886
"339","ENSG00000065618",17.9066175410343,3.04456317641801,0.804209717568579,3.78578262598324,0.000153225574226109,0.00474999280100937
"340","ENSG00000165650",3595.921830546,0.641433936484484,0.169892501728398,3.77552823084519,0.000159668938727141,0.00488719529602188
"341","ENSG00000204542",96.4726275333103,2.21276738950768,0.586064029146167,3.7756410212233,0.000159596700068982,0.00488719529602188
"342","ENSG00000267535",35.5548175279668,1.80960506571853,0.479941394187553,3.77047091089495,0.000162939795102767,0.00496044902254511
"343","ENSG00000137878",126.779410095305,1.64156920435003,0.436656988774049,3.7594021086411,0.000170319903033683,0.00514815435961169
"344","ENSG00000203879",1697.74683893949,0.883466041032703,0.235099136235198,3.75784469130871,0.000171383194458307,0.00517107620716994
"345","ENSG00000165637",6053.95535942053,0.666814401712763,0.177611849628315,3.75433510268708,0.000173802217665538,0.00522743426682279
"346","ENSG00000162496",212.068787554932,1.41713981242159,0.377477060633483,3.75424088034209,0.000173867601963086,0.00522743426682279
"347","ENSG00000028137",3804.46465959022,0.725460101443062,0.193642777849318,3.74638346702285,0.000179402284963738,0.0053654779362485
"348","ENSG00000168453",715.172390413826,1.4719423277182,0.392897744945015,3.7463750979894,0.000179408267373527,0.0053654779362485
"349","ENSG00000270168",15.6072490309329,2.78861121375907,0.744951535996267,3.74334581380479,0.000181586045911513,0.00542104679669283
"350","ENSG00000145996",1882.93531132584,0.733009845025203,0.195890526050579,3.74193617120586,0.000182607901726113,0.00544197221365501
"351","ENSG00000124116",25.4926331683655,1.8988114480589,0.50764606852245,3.74042382241936,0.000183710219698915,0.00546510480833612
"352","ENSG00000124491",10.6314641246836,4.11065490933035,1.09910898491338,3.73998845042134,0.00018402871059503,0.00546510480833612
"353","ENSG00000003147",229.349751718532,1.46530391113848,0.391865514152944,3.7393030471331,0.000184531160741652,0.00547044561660173
"354","ENSG00000126903",645.882783317296,0.907084645192248,0.243150913104123,3.7305418006134,0.000191068438135974,0.00565435864829268
"355","ENSG00000178464",2418.42787433193,0.712168199357503,0.191005347035961,3.72852493612873,0.000192603852995906,0.00567011030425621
"356","ENSG00000163898",102.603509199163,1.42027300386502,0.38086885292648,3.72903426718166,0.000192215014682371,0.00567011030425621
"357","ENSG00000143355",18.7074203556572,2.07548598172488,0.556634685620632,3.72863214481644,0.000192521945357322,0.00567011030425621
"358","ENSG00000139880",319.273425681468,0.976254619285764,0.261908101319759,3.72747011018904,0.00019341149007993,0.0056837544741272
"359","ENSG00000157045",311.18328641673,0.757773440561546,0.203780034785727,3.71858529398299,0.000200341646385172,0.00584714853313831
"360","ENSG00000130827",1016.93130563666,0.717333416268225,0.193489089663348,3.70735847440451,0.000209432387985468,0.00606031570489689
"361","ENSG00000073350",3618.98379955217,0.653478737470305,0.176587948996714,3.70058512589931,0.000215102904821471,0.00621379890469793
"362","ENSG00000162069",23.0202823145127,2.50343266272303,0.680539229659718,3.678601546563,0.000234516317049064,0.00663888679165438
"363","ENSG00000019995",581.850574891409,0.70322574719977,0.191188928881868,3.67817190729847,0.000234911617259719,0.00663899382312176
"364","ENSG00000119977",998.632655488082,0.707344508654703,0.192411426076824,3.67620844082452,0.000236726124013689,0.00666973578146071
"365","ENSG00000167378",873.719061326723,0.646620976752106,0.175940032078208,3.67523507364528,0.000237630513921276,0.006682422262957
"366","ENSG00000148841",1256.00237458444,0.626205180346184,0.171176185508113,3.65824941411904,0.000253943861044621,0.00705973531420228
"367","ENSG00000114631",517.399071592228,0.796439796330421,0.218157557404337,3.65075501305823,0.000261470554601975,0.00722110129378776
"368","ENSG00000182718",15993.7265467112,0.777892524814524,0.213351758364104,3.64605630991323,0.000266295646881194,0.00732043444777915
"369","ENSG00000164816",45.8383534260586,2.75961556489655,0.757244000256682,3.64428845122724,0.000268132573238118,0.00735715864789445
"370","ENSG00000167642",5524.23016799904,0.777649993979549,0.213423340918074,3.64369703254744,0.000268749744616736,0.00736217999913731
"371","ENSG00000188827",635.526468221183,0.752534885784117,0.206620468555936,3.64211198940532,0.000270410379848293,0.00739418524499741
"372","ENSG00000103089",199.150975864339,1.11585157406673,0.306405255832748,3.64175076251245,0.000270790177339352,0.00739418524499741
"373","ENSG00000072310",4963.02922039615,0.664657607465617,0.182693763437658,3.63809686197866,0.000274660133957835,0.00746380110820996
"374","ENSG00000103145",230.224199799227,1.42586819530946,0.392098923672252,3.63650117158015,0.000276366386806382,0.0074981517137213
"375","ENSG00000130309",2713.68895541852,0.619325134454671,0.170615029948798,3.62995648531394,0.000283469003777561,0.00765411448575814
"376","ENSG00000149294",10.5754426260999,3.27305203894394,0.901866662075895,3.62919728223472,0.00028430390994503,0.00766445373758009
"377","ENSG00000175470",1150.79238455026,0.788424375456714,0.217343854921899,3.62754390152889,0.000286130134663065,0.0077014423706057
"378","ENSG00000099377",189.903061857196,1.10147523092981,0.304376257733094,3.618794840088,0.00029597815930445,0.00791624865508762
"379","ENSG00000144645",1645.46588799883,0.734336047539926,0.203284346232274,3.61235904854607,0.00030342404243659,0.00802677299157139
"380","ENSG00000173598",8188.43525757118,0.600641802620319,0.166466718316032,3.60817951297639,0.000308353114156311,0.00814152575204927
"381","ENSG00000135547",31.8455285597517,1.68359752099203,0.466645949822823,3.60786913854339,0.000308722124112029,0.00814152575204927
"382","ENSG00000117394",19235.0057535179,0.840666271831803,0.23322568742762,3.60451835775036,0.000312732344738996,0.00822170910037077
"383","ENSG00000107874",1151.41884779403,0.641744491769871,0.178096194636557,3.60335880887003,0.000314131416480653,0.00824230366686709
"384","ENSG00000129355",150.079863273437,1.08943930451066,0.302364668819585,3.60306417004265,0.000314487850000767,0.00824230366686709
"385","ENSG00000224051",432.908608200081,0.787811983085878,0.21882911586428,3.60012414241297,0.000318065288295015,0.00831037456643848
"386","ENSG00000175183",881.886286888017,1.16522735453364,0.323862927789595,3.59790286120879,0.000320793377499399,0.00836875892654971
"387","ENSG00000179314",83.7809678070457,1.33286132545383,0.370723111831617,3.59530140667144,0.000324016222670914,0.00841400166589693
"388","ENSG00000279141",32.0926321644376,1.55655678797489,0.434387664998154,3.58333560871601,0.000339234292910414,0.0087025656654794
"389","ENSG00000107862",2642.53684426735,0.710935724785565,0.198536448180465,3.5808826605951,0.000342435425181995,0.00875818628176634
"390","ENSG00000184840",2753.60362514865,0.715106875458752,0.200120605491879,3.57337953131353,0.000352403408893688,0.00895907736823129
"391","ENSG00000105963",905.749362123307,0.83630621313031,0.234104407711699,3.57236423399694,0.000353772899950023,0.00898042973720439
"392","ENSG00000197535",1509.22246874442,0.774151717468789,0.216784807837069,3.57106074541268,0.000355538417542149,0.00901175627243979
"393","ENSG00000182180",4415.43036252722,0.621981085312676,0.174213215072117,3.57022907277845,0.000356669183619376,0.00901347145548995
"394","ENSG00000116141",295.885539030666,0.772178213678383,0.216390893670358,3.5684413543515,0.000359111211374408,0.00906167977868429
"395","ENSG00000103381",1304.56219566547,0.775053648521062,0.217787905882705,3.55875430905923,0.000372617891295794,0.00934686624660176
"396","ENSG00000234745",455.594835770234,1.51156433833276,0.424824151690322,3.55809417218497,0.000373555394146631,0.00935654182945999
"397","ENSG00000163631",21.0149618011206,2.57137895052278,0.723136432893708,3.55586972742215,0.000376730729890167,0.00942215779756278
"398","ENSG00000198171",1978.47792934326,0.617167024176339,0.174115854539442,3.5445768325281,0.000393243873972071,0.00982067212215671
"399","ENSG00000230409",203.244838201997,1.71910503522541,0.486060440047916,3.53681331287923,0.000404985823904666,0.0100990361999286
"400","ENSG00000221869",277.187250806997,0.769506236045876,0.2176542526673,3.53545233605943,0.000407077675971279,0.0101362939081424
"401","novel.4",153.438681837043,1.52152669052181,0.43046775500528,3.53458922957689,0.000408409515520976,0.0101396781181394
"402","ENSG00000163947",759.865657557559,0.770892118110791,0.218370360094486,3.53020491323655,0.00041523792851958,0.0102840246717869
"403","ENSG00000103490",16.6598855040445,2.36758533595781,0.67076250018175,3.52969245495431,0.000416042986663077,0.0102840246717869
"404","ENSG00000160211",3699.42924362312,0.662463404637059,0.187777770551993,3.52791175808338,0.000418851760620812,0.0103383832676086
"405","ENSG00000183762",8421.05230454935,0.821434313803802,0.232912246341422,3.52679743854978,0.000420618424973426,0.0103668991748174
"406","ENSG00000168528",670.516610917291,1.10608543931395,0.31380883298336,3.52471098024383,0.000423945064573287,0.0104337249056157
"407","ENSG00000144331",43.5802846134326,1.32387154477555,0.376098237351389,3.52001528669398,0.00043152192715839,0.0106048077084418
"408","ENSG00000135373",1249.65003043465,1.2216805429669,0.348755505540561,3.50297134685612,0.000460098953343623,0.0112581500026664
"409","ENSG00000107611",27.3171029052525,1.64063115838316,0.469166482484031,3.49690615087577,0.000470687388701916,0.01147396992276
"410","ENSG00000145103",15.7729312709278,2.65707300361774,0.760118753559148,3.49560248471226,0.00047299277444942,0.0115072288039294
"411","ENSG00000147403",46230.1393860402,0.65557594065112,0.187625228238044,3.49407138265744,0.000475713803669697,0.0115568466602107
"412","ENSG00000231925",716.600933025928,0.631102690128619,0.181010038021324,3.48656183395901,0.000489272261664863,0.0118522710586444
"413","ENSG00000137460",1227.53024538905,1.14062545464812,0.328077445531686,3.47669573200807,0.000507633546790234,0.0122620257164131
"414","ENSG00000143816",12.5927439440251,2.47250113480278,0.71195386550231,3.47283897820871,0.000514984224751948,0.0124042436067028
"415","ENSG00000071889",595.111337911925,0.770352427972296,0.221851397815241,3.47238032105549,0.000515864960928474,0.0124078328261903
"416","ENSG00000173889",1309.88722717892,0.626035098767622,0.180998428870005,3.45878747498548,0.000542612873626055,0.0130142666167992
"417","ENSG00000140612",3449.78134161831,0.605906879841112,0.175395370031478,3.45452037720477,0.000551272555352116,0.0131660967902899
"418","ENSG00000114268",855.042393266946,0.726119655304502,0.210489994468967,3.44966352028459,0.000561285680522891,0.013339134262102
"419","ENSG00000125266",4107.66283851366,0.885772490354951,0.257269301837441,3.44297778253636,0.000575346578213708,0.0135690569217939
"420","ENSG00000116014",176.109803988806,1.24908625692003,0.363109024920592,3.43997579568062,0.000581766212220869,0.0137014023064295
"421","ENSG00000166295",3078.48104782541,0.573829120167874,0.166861221920928,3.43896031421728,0.000583952832257389,0.0137338254876402
"422","ENSG00000243566",64.7682929340068,1.2279377475824,0.358728339658598,3.42302966292274,0.000619273190867865,0.0144046851818195
"423","ENSG00000148672",6936.04703308313,0.605824363785489,0.177147549474388,3.4198856579333,0.000626474620284467,0.0145323257676658
"424","ENSG00000217801",178.662819861388,1.12552641422733,0.329987524845925,3.41081504445615,0.000647690106040345,0.0149630533080737
"425","ENSG00000196935",269.732172334094,0.697459922735822,0.204676587491033,3.40761946095265,0.000655322160039599,0.0150982307986297
"426","ENSG00000072071",2314.39962382819,0.658703821070517,0.193333051374389,3.40709369860894,0.000656585828075337,0.015106819384903
"427","ENSG00000165621",37.540264711104,1.44476860332361,0.424322309626963,3.40488484942909,0.000661919587171004,0.0151883226517709
"428","ENSG00000134198",15.4856005229961,2.19520894664218,0.645136105478835,3.40270669708192,0.000667218650932604,0.0152685919890205
"429","ENSG00000026508",228.71125232549,1.24542464900022,0.366486434498086,3.39828307889722,0.000678102149536312,0.0154967360507914
"430","ENSG00000138107",3172.92149535814,0.658211709499477,0.193713788570248,3.39785677807229,0.0006791596566583,0.0155000138599661
"431","ENSG00000156521",1735.9484779231,0.549371570374714,0.161750178196901,3.39642018635649,0.000682734650105426,0.0155397737742788
"432","ENSG00000101210",11925.5542838484,1.00207598377678,0.295320401342492,3.39318238503491,0.000690856233495127,0.0156825289844403
"433","ENSG00000197956",11903.9481005211,1.01248816705729,0.29838666545166,3.39320849182289,0.000690790390592501,0.0156825289844403
"434","ENSG00000103044",2123.66819548361,0.92248254918423,0.271929622693978,3.39235769919178,0.000692939146055134,0.0157087822187927
"435","ENSG00000152332",2407.32329535883,0.620674644553019,0.183327462224154,3.38560648264537,0.000710211492485345,0.0159385680314557
"436","ENSG00000155256",2033.62592005502,0.536549800332314,0.158506007743152,3.38504393601127,0.000711668623486192,0.0159415651895051
"437","ENSG00000203697",43.1210290694358,1.45496427127498,0.431203527571379,3.37419380465095,0.000740322260439548,0.0164745991735872
"438","ENSG00000231826",668.114879130909,0.805264823320734,0.239552131072088,3.36154314184919,0.000775082475056373,0.0171804882738966
"439","ENSG00000215012",1098.28486213777,0.624911157115494,0.186459311008549,3.35146125841279,0.000803862857470234,0.0176797697459439
"440","ENSG00000163577",314.770092752956,0.797021951372651,0.237892682286048,3.35034244733217,0.00080711709965348,0.0177283480036581
"441","ENSG00000185963",1687.28227210144,0.613913538730683,0.183395854406285,3.3474777318066,0.000815505392941051,0.0178682471858375
"442","ENSG00000154122",4599.73340339497,0.512210096584341,0.15303632139104,3.3469838527779,0.000816959689572089,0.0178750780078373
"443","ENSG00000134242",75.5332940372035,1.34258283848579,0.401414326167305,3.34463109800973,0.000823920802255036,0.0179578728069905
"444","ENSG00000179456",1620.46145878055,0.736921690985925,0.220392340516282,3.34368104290577,0.000826747301996392,0.0179963465981423
"445","ENSG00000198363",5547.26996586356,0.86418791354877,0.258895975669746,3.33797352899432,0.000843917887551903,0.0183465584861764
"446","ENSG00000103222",3135.551216782,0.521284990778688,0.156234491239672,3.33655511431857,0.000848236084846532,0.0183932727503103
"447","ENSG00000179023",52.9936669573489,1.2428702130046,0.373148831115559,3.33076271279999,0.000866083954684001,0.0187085167128364
"448","ENSG00000135074",2214.53043626572,0.823678708815799,0.247369829442787,3.32974603520234,0.00086925229318031,0.0187197033401035
"449","ENSG00000113263",16.0560558334378,2.37876285812221,0.716734564206007,3.31888955398347,0.000903761671946313,0.0193254560796893
"450","ENSG00000116863",807.304585093101,0.614204097411917,0.185146844795277,3.31738895194819,0.000908630275731658,0.0193806837554487
"451","ENSG00000101986",1267.92899280965,0.65059746792104,0.196373873663954,3.31305512175403,0.000922827903477603,0.0196341188949432
"452","ENSG00000099331",3672.37054236531,0.551952758664475,0.166749566521149,3.31007012599622,0.000932725999782462,0.0197950372694759
"453","ENSG00000090382",27.6809293498699,1.5135305623395,0.457216853864189,3.31031227206046,0.000931919404382906,0.0197950372694759
"454","ENSG00000197483",335.165579051619,0.654908389223441,0.197888736238072,3.30947784938879,0.000934701616548264,0.0198121691397611
"455","ENSG00000103512",2211.1402961001,0.546547174395318,0.165707555515866,3.29826345391347,0.000972848097305899,0.0205436926351384
"456","ENSG00000107796",40.9387942358861,1.55866528344656,0.472622887917915,3.29790478474939,0.000974091596935382,0.0205443671756633
"457","ENSG00000114850",4816.31327040973,0.603170089102195,0.183339131660071,3.28991461692168,0.00100217788065972,0.0210060943415907
"458","ENSG00000141441",170.254597732336,0.878458349751457,0.267165232793185,3.28807135781578,0.00100876267523394,0.0211180107209159
"459","ENSG00000136379",2021.63768342899,0.519542751689305,0.15806595169633,3.2868732710219,0.00101306413028715,0.0211819093184701
"460","ENSG00000154640",325.515810194586,0.783705430305528,0.238665586167751,3.28369683660503,0.00102455069901583,0.0213169401266399
"461","ENSG00000077150",1030.64659422668,0.926926811714192,0.282368271482791,3.28268755850879,0.00102822559253344,0.021367183054644
"462","ENSG00000172586",1531.08787048355,0.816877248311326,0.249156196204362,3.27857488898775,0.0010433267671435,0.021575234134698
"463","ENSG00000261150",283.47444728831,1.67028362850631,0.51018148369214,3.27390091937209,0.00106073797484133,0.0218478045644088
"464","ENSG00000067715",3759.29410165104,0.591011690295006,0.180628000885561,3.27198267930479,0.00106796118546316,0.0219265783851411
"465","ENSG00000107815",2273.46403971343,0.707297165689201,0.216287642811716,3.27016909747785,0.00107483212132634,0.0220119906779356
"466","ENSG00000165023",11.3917158481043,2.39066942773536,0.731184364108313,3.26958499810209,0.00107705373089392,0.0220308807174526
"467","ENSG00000014919",1378.90442046894,0.554686161365314,0.169745858458292,3.26774488876031,0.00108408034553628,0.0221212399750407
"468","ENSG00000106266",1266.85016625837,0.66178567671252,0.203049832797164,3.25922788310596,0.00111715893497827,0.0225881275711281
"469","ENSG00000171346",178.026547845399,1.56919744673262,0.48172873278025,3.25742962782426,0.00112426130823443,0.0226953559568228
"470","ENSG00000064651",1910.02501355932,1.23348849812975,0.379024991396763,3.25437247181028,0.00113643170999299,0.0228852280513399
"471","ENSG00000136802",3465.21810604031,0.722943803506138,0.222384560291801,3.25087228428777,0.00115051528456333,0.0230440281500084
"472","ENSG00000180448",1392.04963236114,0.746089987230171,0.229513814322005,3.25074109126789,0.00115104628431073,0.0230440281500084
"473","ENSG00000157240",65.2368989479755,1.30712525485528,0.402353502206139,3.24869858889806,0.00115934251913893,0.0231010236157919
"474","ENSG00000136848",2206.9498496149,0.712799499800478,0.219506682585022,3.24727926916024,0.00116514001679175,0.0231892949116639
"475","ENSG00000188290",384.263514249043,0.882818819423186,0.272169192615347,3.24363977766897,0.00118012890889523,0.0234369046010259
"476","ENSG00000233493",127.076213913377,1.01207002854674,0.312021802722923,3.24358753046966,0.00118034537531852,0.0234369046010259
"477","ENSG00000219891",54.3368071237768,1.20689959989331,0.372574292125698,3.23935286304221,0.00119801260171418,0.0237321258028824
"478","ENSG00000239713",264.566839120642,1.16235917640801,0.359017292745972,3.2376133403425,0.00120534050542712,0.0238216304784705
"479","ENSG00000065518",1876.04967960892,0.622141582998152,0.192647142382736,3.22943582397984,0.00124034715888926,0.0244280682616553
"480","ENSG00000166147",14.0871991547497,2.10147979648415,0.652385016148455,3.22122633792366,0.00127643299227691,0.0250514748264346
"481","ENSG00000187720",41.683471039674,1.56200495783752,0.485264765681329,3.2188715693059,0.00128696112446323,0.0251997688077632
"482","ENSG00000075420",772.647149641282,0.628577853961829,0.195309285597316,3.21837157941285,0.0012892068624902,0.0252146260291192
"483","ENSG00000165660",744.549859964076,0.54978676627653,0.170905633556183,3.21690253759713,0.00129582610546709,0.0253145700173156
"484","ENSG00000159348",420.866763008223,0.638369331523029,0.198462394441569,3.21657578161981,0.0012973026682224,0.0253145700173156
"485","ENSG00000107338",489.472429472443,0.652141279384751,0.20285533621621,3.21480958573196,0.00130531076750842,0.0254415571087819
"486","ENSG00000102125",424.989847858508,0.641422415082296,0.199571779305482,3.21399356820124,0.00130902605475429,0.0254846783128226
"487","ENSG00000131504",6367.54006700046,0.582179119474751,0.181192350788699,3.21304468395396,0.00131335854819326,0.025539702868937
"488","ENSG00000173926",104.323325001785,0.842222167901378,0.262417447948935,3.20947472999307,0.00132977734980823,0.0258222689174419
"489","ENSG00000275896",27.5470997791633,1.74107716888793,0.543550315752877,3.20315731300118,0.00135929707128874,0.0262823266109956
"490","ENSG00000140521",1936.21615222954,0.547280272162753,0.170931929699446,3.20174395225661,0.00136598356778703,0.0263075390410997
"491","ENSG00000213672",1282.95234993745,0.522526848631004,0.16320954535566,3.20157039523842,0.00136680674029656,0.0263075390410997
"492","ENSG00000143127",61.0405719234736,2.20094960917356,0.687343120641565,3.20211193372998,0.00136423976189949,0.0263075390410997
"493","ENSG00000197021",529.860023818068,0.688024897022828,0.215027288550863,3.19970968177874,0.00137566080751803,0.0264179844995281
"494","ENSG00000196187",820.775082799861,0.564571298290272,0.176472705262611,3.19919897782564,0.00137810018973544,0.0264348924404342
"495","ENSG00000198857",59.1975465966973,1.55189547604031,0.485607242119633,3.19578322033753,0.00139451843161807,0.0266293345100761
"496","ENSG00000086506",159.874545749191,0.790269167331332,0.247584948229068,3.19191119243714,0.00141334780491764,0.0269282457617846
"497","ENSG00000166682",161.048686267733,0.944384563775829,0.295943816304697,3.19109409200667,0.00141735113429177,0.02697421232793
"498","ENSG00000131873",462.694995851512,0.72894470663408,0.228800695542048,3.18593745926842,0.00144285784169823,0.0273674948788332
"499","ENSG00000244300",135.261968904712,0.822376119211689,0.258125614024226,3.18595317369204,0.00144277947342721,0.0273674948788332
"500","ENSG00000103888",8937.51741637901,0.661560050430805,0.207724961938797,3.18478840605456,0.00144859884642268,0.0274284710237608
"501","ENSG00000281376",193.621313945149,0.893768959024494,0.281049381912813,3.18011359050688,0.00147217332632263,0.0278301483773164
"502","ENSG00000134318",3671.60415779247,0.693040382430462,0.218023598890852,3.17874021874767,0.00147916594959777,0.0279311993400105
"503","ENSG00000213189",81.5586122242567,0.892818456330671,0.280911289786411,3.17829325054725,0.00148144831385131,0.0279431802647126
"504","ENSG00000172534",5565.87721690232,0.78699982552169,0.247650992617344,3.17785855491287,0.00148367112258679,0.0279540124730046
"505","ENSG00000184564",16.4827111405595,2.09082060066215,0.658465620614129,3.1752919745637,0.0014968580451634,0.0281711674493183
"506","ENSG00000175866",1354.25685467537,0.578219145803318,0.182149492442179,3.17442084548693,0.00150135833805622,0.028193281659379
"507","ENSG00000146648",13.7590131218298,3.19426667825081,1.00621457797142,3.17453826269403,0.00150075102938772,0.028193281659379
"508","ENSG00000163083",3714.85995684798,0.610094202936103,0.192312688749676,3.17240743136941,0.0015118074673997,0.0283580964874963
"509","ENSG00000172717",11.3483978125759,2.35789721028069,0.744535149869648,3.16693874116421,0.00154052766429568,0.0288648923795158
"510","ENSG00000167608",134.459580727811,1.72651611197192,0.545594176342855,3.1644694661971,0.00155365963218321,0.0290467545567041
"511","ENSG00000142733",367.809612707963,0.69232428786551,0.218982645340118,3.161548655101,0.00156932598560714,0.0292750943211665
"512","ENSG00000069849",3697.70848251255,0.743296043877954,0.235210802802055,3.16012714987197,0.00157700301666232,0.0293537213540538
"513","ENSG00000138172",413.01050879786,0.636699973821315,0.201474705534681,3.16019806124852,0.00157661923225289,0.0293537213540538
"514","ENSG00000134317",213.341235438198,0.66834237870941,0.21155594390864,3.15917561265985,0.00158216122529787,0.0294174428699298
"515","ENSG00000197279",85.2177143961157,0.990914802680793,0.313763348271534,3.15815983013811,0.00158768484118594,0.0294417780797536
"516","ENSG00000169715",143.081687245383,1.10301492406103,0.349571310879232,3.15533594929959,0.00160313393591771,0.0296772294228784
"517","ENSG00000142669",2462.2146605496,0.766727734030709,0.243137717958883,3.15347096479853,0.00161341277558846,0.029802440561714
"518","ENSG00000179403",1574.97630022019,0.620080807127509,0.196806878622436,3.15070698477517,0.00162875802584569,0.0300040750185691
"519","ENSG00000182963",663.944773974391,0.835103078923582,0.265065857102069,3.1505494070555,0.00162963691054445,0.0300040750185691
"520","ENSG00000077782",2592.42468650216,0.603914373732008,0.191753036519503,3.14943838540249,0.00163584599597991,0.0300857272818127
"521","ENSG00000116688",3865.4553029773,0.535464082758733,0.170101644905613,3.14790655349544,0.00164444253757266,0.0302110640407579
"522","ENSG00000108523",1847.22451272471,0.631979709523349,0.201040764603195,3.1435401211825,0.00166917532047861,0.0305991415236279
"523","ENSG00000186432",2509.66186512565,0.586480923888742,0.186688688613313,3.14149147570218,0.00168089701714153,0.0307807459175691
"524","ENSG00000163659",3219.24699723899,0.647369954164453,0.20610772537993,3.14093007902115,0.0016841223428559,0.0308065399868474
"525","ENSG00000165886",642.111858692367,0.784452650964648,0.250372882844454,3.13313743106915,0.00172948442788515,0.0313992156784245
"526","ENSG00000156374",650.303222103312,0.602267054989857,0.192307497863336,3.13179185253536,0.00173743005145151,0.0315097340988911
"527","ENSG00000148737",1659.28786835986,0.691319418093687,0.22104874851381,3.12745230516652,0.00176328426786802,0.0318085226917425
"528","ENSG00000141337",922.469638759092,1.15640492201859,0.369857308815195,3.12662449668232,0.00176825618817881,0.0318304885169301
"529","ENSG00000101665",96.5147419695494,0.997833125826557,0.319204431991391,3.12600022374836,0.00177201416964788,0.0318643099413776
"530","ENSG00000122884",1794.07799769345,0.5069171799007,0.162200192006493,3.12525634914419,0.00177650171219437,0.0319111647602542
"531","ENSG00000173530",1056.8001123509,0.86588264957958,0.277294797249289,3.12260690849222,0.00179256988739895,0.0321657223075386
"532","ENSG00000105699",2725.75467829594,0.570096691057125,0.182616839654865,3.12181884285466,0.00179737501518281,0.0322178521484725
"533","ENSG00000132470",9582.90788754771,1.19016704679779,0.382315280929323,3.11305120712089,0.00185163887649121,0.0330125673271038
"534","ENSG00000117115",18.0976591334387,2.47003204780379,0.793515263640994,3.11277194148756,0.00185339176124331,0.0330125673271038
"535","ENSG00000120053",1699.5584065254,0.541783639891394,0.174197135994027,3.1101753585086,0.00186976304107097,0.033196762188607
"536","ENSG00000184584",158.12351559455,0.870813533925347,0.279964116636898,3.11044695436722,0.00186804444782392,0.033196762188607
"537","ENSG00000164099",24.1253784080557,2.07059707871627,0.666050626177721,3.10876830879786,0.00187868978947261,0.033196762188607
"538","ENSG00000163584",830.116752584139,0.614050535173167,0.19769309662272,3.10607980583676,0.00189585541581829,0.0333831986355459
"539","ENSG00000233532",1561.26429919893,0.508492907669701,0.164124250145066,3.09821922854334,0.00194687351034389,0.0342105016734728
"540","ENSG00000154237",463.93411044689,0.699538690995183,0.225897969467888,3.09670198737499,0.00195686493615826,0.0343504748679457
"541","ENSG00000275342",3033.63999788432,0.572860631591237,0.185559903813524,3.08720052025316,0.00202051250116408,0.035321474723958
"542","ENSG00000122870",533.900742491046,0.851680682991519,0.27609277733149,3.08476263386258,0.00203714662637103,0.0355389869787793
"543","ENSG00000090674",305.633671809371,0.693894650347116,0.224920848632408,3.08506149859482,0.00203510068395725,0.0355389869787793
"544","ENSG00000198408",4052.6782358216,0.468082856066485,0.151794259492449,3.08366638917442,0.00204466737131888,0.0356335299233857
"545","ENSG00000102030",632.459165060424,0.823676578524206,0.267460557581284,3.07961886407824,0.00207265645859082,0.0360472159675124
"546","ENSG00000161642",1891.79398225264,0.887189783588321,0.288168522965635,3.07871857223671,0.00207892966689776,0.0360823033383677
"547","ENSG00000226067",565.49431113182,0.631023379768243,0.204962189716618,3.07873067047488,0.00207884525139084,0.0360823033383677
"548","ENSG00000107833",2268.85894780469,0.64573120174911,0.209762227417124,3.07839599960501,0.00208118157866145,0.0360844540177527
"549","ENSG00000269335",252.200532487521,0.756199103716594,0.246240526522458,3.07097744792885,0.00213359265414284,0.0368014151043449
"550","ENSG00000026025",6697.95173825804,0.651581754986832,0.212216966569202,3.07035655782196,0.00213803358925991,0.0368067366224166
"551","ENSG00000011198",244.854851477191,0.818594019648985,0.266688703577,3.06947391722812,0.00214436129183068,0.0368503610798303
"552","ENSG00000183778",31.886177090018,1.95496877446709,0.637350530010056,3.06733686161091,0.00215975315051225,0.0370527268740403
"553","novel.8",14.3527173569677,2.14277484556105,0.698619536769905,3.067155630185,0.00216106309361478,0.0370527268740403
"554","ENSG00000203867",1869.42643344699,0.56263760773599,0.183655219670407,3.06355359104802,0.0021872502514896,0.0373883089864003
"555","ENSG00000196588",1104.12789177594,0.545024209145165,0.177950677050025,3.06278244163099,0.00219289424485289,0.0374470369687517
"556","ENSG00000107745",3331.60353983868,0.47378877449867,0.154837358625049,3.05991253471321,0.00221401639318954,0.0376938513848545
"557","ENSG00000105711",90.8585750351244,1.04125040655052,0.340343735103965,3.05940817812454,0.00221774759925282,0.0377195045541927
"558","ENSG00000166272",1282.18328497617,0.593249566448487,0.194095490407423,3.05648299815315,0.00223950180923438,0.0380128699763542
"559","ENSG00000247134",35.6774293600744,1.42153578288931,0.465225117200685,3.05558691981821,0.00224620485441452,0.0380128699763542
"560","ENSG00000164924",20656.2329457381,0.527881801891083,0.172776816945975,3.05528143892213,0.0022484941791778,0.038013674772002
"561","ENSG00000147526",2926.95171673546,0.561903368894097,0.183954027873735,3.05458584076118,0.00225371508638915,0.0380639907568734
"562","ENSG00000129354",19.2218741962665,1.74989170974002,0.573158898629266,3.05306558778895,0.00226516423913919,0.0381712958091754
"563","ENSG00000163734",77.7413423173712,0.979756977566202,0.321124026642413,3.05102358054699,0.00228062662823698,0.0383656604514032
"564","ENSG00000146072",795.760534243605,0.684361440106703,0.224612680482499,3.04685131149586,0.00231252070124963,0.0388636407642122
"565","ENSG00000119953",1528.7934267136,0.649366716639812,0.21323341183318,3.04533286344371,0.00232422920054919,0.0390012067548348
"566","ENSG00000173801",2966.61691590508,0.959945605410118,0.315554239055381,3.04209383554389,0.00234938643018353,0.0392497987158838
"567","ENSG00000198910",1823.94607329409,1.08276704712608,0.355852356709164,3.04274238096735,0.00234432936220474,0.0392497987158838
"568","ENSG00000189319",1710.82006416825,0.566936902104291,0.186359662130112,3.04216532496431,0.00234882849811768,0.0392497987158838
"569","ENSG00000182154",912.426831980909,0.680125573817388,0.223813705721477,3.03880216640425,0.00237520774737277,0.0396421237915355
"570","ENSG00000186834",2702.35861395491,0.520787978660162,0.171453498177146,3.03748820640616,0.00238558739477611,0.0397371369874445
"571","ENSG00000155959",1847.01391310033,0.726046600336619,0.239069943913766,3.0369631098358,0.00238974700378619,0.0397673601012781
"572","ENSG00000168884",1255.70271553399,0.575230745763977,0.189616404214073,3.03365496328342,0.00241610588526805,0.0400879721100689
"573","ENSG00000179988",163.334598207663,0.75785227144194,0.249805989295681,3.03376341607612,0.00241523754539693,0.0400879721100689
"574","ENSG00000147676",11.3832513999112,3.16379684647168,1.04336585569709,3.03229862199956,0.00242698974882326,0.0402291937153431
"575","ENSG00000284681",65.1007493092846,1.10733120102276,0.3652287140268,3.03188429193852,0.00243032344719327,0.0402451120059144
"576","ENSG00000279588",33.4933264979786,1.40541972978695,0.463599547089914,3.03153818550727,0.00243311143049422,0.0402519712457468
"577","ENSG00000127324",49.7533037840321,1.33439704378462,0.440691762117558,3.02796003576908,0.00246210645617245,0.040639554602535
"578","ENSG00000079313",1119.6418254136,0.485906218238647,0.160515483592172,3.02716103994808,0.00246862403639042,0.0406807169922957
"579","ENSG00000139722",1399.63120061723,0.579622522189591,0.19153815663761,3.02614649929118,0.00247692261054153,0.0407778414630609
"580","ENSG00000142910",2122.64759136595,1.0674444218049,0.352978539916261,3.02410572058613,0.00249369279883112,0.0409743689823443
"581","ENSG00000171302",2977.7484236079,0.568233756890644,0.188141806332269,3.02024184825307,0.00252572916402839,0.0414204926832006
"582","ENSG00000264522",1016.71291271578,0.561109612998479,0.186041571734674,3.016044251651,0.00256095882146463,0.0419576606140829
"583","ENSG00000185515",760.542870729799,1.03797835733643,0.344503411950041,3.01296974523711,0.0025870470777494,0.0423033339415589
"584","ENSG00000188313",331.453556546595,1.15120377561545,0.382354338457553,3.01082964105884,0.00260534980529882,0.042520612751157
"585","ENSG00000174917",719.520848051986,0.696182190869016,0.231290472042848,3.0099907908876,0.00261255610902059,0.0425972249429444
"586","ENSG00000130592",31.0219582172907,2.70074862094591,0.897879681641658,3.00791818343404,0.00263043944393756,0.0428064891083006
"587","ENSG00000179913",961.530582363491,0.668388034669532,0.222307350794726,3.00659439411298,0.00264192014712479,0.0428698946744451
"588","ENSG00000181788",910.408147413955,0.539729292777282,0.179565591922072,3.00575008274144,0.00264926643013729,0.0429480027302468
"589","ENSG00000183688",1002.7835228969,0.727888621855978,0.242829886025555,2.99752486717956,0.00272181652189954,0.0439979435289328
"590","ENSG00000107771",1030.85538093535,0.551559396179759,0.184137216932792,2.99537163299841,0.00274110649422242,0.0441994676484396
"591","ENSG00000168172",970.288991468515,0.502092552749128,0.167628994538331,2.99526077891207,0.00274210296433086,0.0441994676484396
"592","ENSG00000173915",1881.89683754538,0.759826405287169,0.253965658906933,2.99184704167272,0.00277295161284124,0.0446118980065929
"593","ENSG00000214078",3215.25534068769,0.485614463836205,0.162837445955467,2.98220388428967,0.00286181343897312,0.0457809155515729
"594","ENSG00000196233",2170.49992324177,0.652813603932654,0.218882064890428,2.98249015632894,0.00285913842569395,0.0457809155515729
"595","ENSG00000226472",38.1323563681419,1.36415371424392,0.457519463498729,2.9816299044679,0.0028671837660519,0.0458235957784563
"596","ENSG00000156650",1445.64247535072,0.561924308820846,0.188572040983199,2.9798919600754,0.00288350064486773,0.0459976673894846
"597","ENSG00000169692",2429.58913470597,0.698827403181184,0.234552427797456,2.97940809968783,0.00288805848102325,0.0460070104814641
"598","ENSG00000132024",1303.79819946579,0.491250487138882,0.16489138064579,2.97923690865417,0.00288967262933087,0.0460070104814641
"599","ENSG00000107859",10.2742210253738,2.73306039064909,0.917550819515471,2.97864743022335,0.00289523708222128,0.046011748081749
"600","ENSG00000035403",8401.84055953048,0.633649268110271,0.212889460713337,2.97642384919891,0.0029163149859317,0.0462016138536105
"601","ENSG00000155265",228.285254022052,0.840530595472195,0.282530041057949,2.97501317850938,0.00292975961228289,0.0462569215507272
"602","ENSG00000107581",16676.5091121542,0.483375726191077,0.162550581274217,2.97369423352377,0.00294238117495571,0.046412983798813
"603","ENSG00000107651",2380.07577325595,0.571177997782627,0.192131195539104,2.97285402393896,0.00295044736068303,0.0464728192076498
"604","ENSG00000179348",295.695827234185,0.712085400278548,0.239585247730781,2.97215879117361,0.00295713698915222,0.0464728192076498
"605","ENSG00000135454",458.363910033455,0.556233118893776,0.187334833784898,2.96919215532791,0.00298583819137003,0.0468370566244789
"606","ENSG00000223478",64.3339668813958,0.996276493667427,0.335677531605427,2.96795704169591,0.00299786225356511,0.0469822090884507
"607","ENSG00000170425",344.172671603367,0.583796301927571,0.196865399918911,2.96545915213154,0.00302231478362424,0.0472780367028747
"608","ENSG00000118855",820.265268701668,0.634849606752048,0.214159400077069,2.96437889965879,0.00303294591559468,0.0474006118808655
"609","ENSG00000130640",2157.51076190036,0.587326086141309,0.198300275306289,2.96180166787032,0.00305844722849949,0.047755147010742
"610","ENSG00000143013",608.04788861935,0.571428034858381,0.192980335905574,2.9610687129179,0.00306573533571705,0.0477809504483033
"611","ENSG00000183579",4091.68998871389,0.500762537091468,0.169197340730321,2.95963597849696,0.00308002742783922,0.0479596190026351
"612","ENSG00000247556",2224.89811069529,0.470817818220858,0.159233092395325,2.95678373847045,0.00310866067211536,0.0483229386089659
"613","ENSG00000260220",52.7646106576806,1.23627914235921,0.418121784398081,2.95674415562664,0.0031090597406606,0.0483229386089659
"614","ENSG00000145569",63.3777592370354,1.0662304227925,0.36073058835676,2.95575273405428,0.00311907035911781,0.0484341356039933
"615","ENSG00000136830",4909.1422097775,0.67130648627919,0.227366437955132,2.95253113131704,0.00315180287550673,0.0488976407684974
"616","ENSG00000113732",1234.91240001366,0.56354945849039,0.191008146385456,2.95039488710153,0.00317368013444999,0.0491026929978992
"617","ENSG00000137936",299.62101780357,0.734984092252335,0.249114025268976,2.95039226096865,0.00317370711362255,0.0491026929978992
"618","ENSG00000112651",1249.41717006719,0.552694147926073,0.187434569111294,2.94873112546223,0.00319081447959045,0.049322371130734
"619","ENSG00000125037",837.37335074085,0.556032399952842,0.188658256831967,2.94729957379011,0.00320562482978215,0.0495061750807067
